# This file uses centimeters as units for non-parametric coordinates.

mtllib cardboard_boxes_obj.mtl
g default
v 77.323860 0.603100 19.886230
v 122.106010 0.842907 19.886230
v 78.306244 0.603100 -19.885193
v 122.286705 0.603100 -19.885193
v 100.577591 23.269526 0.148499
v 99.246193 22.504915 -1.348618
v 81.473358 19.364466 0.495178
v 120.891075 23.835144 0.611542
v 119.412918 19.221752 -1.921783
v 79.384995 24.614521 -0.631470
v 96.494034 14.529318 14.241765
v 100.037018 22.223518 0.601135
v 100.450966 24.978256 -18.708202
v 97.595848 23.559364 19.205887
v 98.007568 23.075970 0.577332
v 98.992424 19.031080 -15.626740
v 78.568497 23.127167 19.344238
v 77.895607 22.312706 19.886230
v 78.676300 22.808399 19.360731
v 100.000809 22.164219 19.886230
v 100.000809 22.936033 19.088531
v 78.518494 22.338148 -19.143433
v 77.895607 21.453798 -19.885193
v 78.012665 22.125248 -19.054144
v 100.000809 22.157787 -19.209057
v 99.968117 22.924116 -18.406078
v 78.854263 22.164562 0.000519
v 79.651642 22.936726 0.004776
v 121.546455 22.940201 19.260866
v 121.843964 21.928394 19.789301
v 121.612900 22.611328 19.203905
v 121.670898 22.159960 0.000519
v 120.869263 22.927698 0.000519
v 121.348396 23.595528 -19.527832
v 122.106010 22.610291 -19.885193
v 121.248398 23.341152 -19.761856
v 122.421013 0.527906 20.201248
v 122.601707 0.288097 -20.200195
v 77.991241 0.288099 -20.200195
v 77.008858 0.288097 20.201248
v 77.662247 22.559818 20.167374
v 78.461014 23.334078 19.414932
v 79.494118 23.262764 -0.008163
v 78.536407 22.266468 0.001617
v 78.862907 23.113716 19.794983
v 100.001457 22.282726 20.201324
v 99.988197 23.256187 19.227875
v 122.126244 22.135925 20.039820
v 121.619949 23.109034 19.280855
v 77.635086 21.673145 -20.159134
v 78.489319 22.633083 -19.310852
v 99.977432 23.244850 -18.560009
v 99.999939 22.263912 -19.525173
v 77.666718 22.448566 -19.020639
v 121.201820 23.644421 -19.950363
v 122.356812 22.824625 -20.163696
v 121.957245 22.911369 19.131308
v 121.987137 22.267094 -0.000580
v 121.020576 23.250340 0.011337
v 121.506805 23.780464 -19.594666
v 99.262421 22.819942 -1.340683
v 119.422607 19.535589 -1.896545
v 79.407646 24.928566 -0.640884
v 100.555832 23.584396 0.138336
v 81.451141 19.677015 0.462875
v 120.869987 24.149204 0.623627
v 100.025360 22.538120 0.620056
v 96.466904 15.481747 14.012696
v 100.454842 25.292572 -18.687786
v 97.589577 23.873791 19.187927
v 98.020386 23.390560 0.555588
v 99.024231 19.343443 -15.652100
v 97.435753 23.409872 -1.279266
v 97.416321 23.095251 -1.285583
v 100.053955 23.160751 -1.318329
v 100.064583 22.846230 -1.337891
v 98.079575 22.714508 -1.259293
v 98.069008 22.387680 -1.289536
v 98.137321 22.466507 0.209732
v 98.172325 22.158794 0.223785
v 121.602318 23.245123 18.583521
v 121.530563 23.122845 18.566645
vt 0.092996 0.609440
vt 0.682525 0.198274
vt 0.489146 0.685633
vt 0.678521 0.397339
vt 0.328334 0.596915
vt 0.166382 0.841637
vt 0.939292 0.404820
vt 0.408667 0.598082
vt 0.908275 0.130219
vt 0.590811 0.486740
vt 0.399474 0.770042
vt 0.590432 0.576010
vt 0.114241 0.609441
vt 0.594465 0.376867
vt 0.128505 0.609441
vt 0.918111 0.816968
vt 0.594907 0.287687
vt 0.911379 0.121450
vt 0.909925 0.136162
vt 0.004911 0.770452
vt 0.917784 0.138438
vt 0.005309 0.690018
vt 0.237936 0.664019
vt 0.974841 0.622793
vt 0.846464 0.821378
vt 0.934379 0.489291
vt 0.989105 0.697616
vt 0.995110 0.227917
vt 0.689559 0.359520
vt 0.323447 0.857519
vt 0.323447 0.773159
vt 0.864659 0.504317
vt 0.230048 0.753470
vt 0.908275 0.004930
vt 0.989105 0.096892
vt 0.995117 0.466552
vt 0.995117 0.392410
vt 0.995117 0.384757
vt 0.860728 0.337783
vt 0.770830 0.541643
vt 0.319072 0.572146
vt 0.771289 0.163361
vt 0.337723 0.591039
vt 0.689559 0.174904
vt 0.685396 0.084148
vt 0.085600 0.787818
vt 0.860728 0.496388
vt 0.908275 0.128759
vt 0.693999 0.259427
vt 0.425851 0.505057
vt 0.860728 0.503402
vt 0.678521 0.582088
vt 0.147562 0.776550
vt 0.230911 0.658075
vt 0.784890 0.451569
vt 0.594465 0.383001
vt 0.911379 0.122816
vt 0.523144 0.582112
vt 0.909925 0.137319
vt 0.917784 0.137174
vt 0.598427 0.593769
vt 0.684818 0.462343
vt 0.594465 0.390198
vt 0.934379 0.490444
vt 0.990339 0.705045
vt 0.855009 0.458088
vt 0.689559 0.358239
vt 0.767580 0.251462
vt 0.934481 0.503402
vt 0.696315 0.344201
vt 0.767580 0.261756
vt 0.910603 0.004930
vt 0.990630 0.107236
vt 0.594934 0.670367
vt 0.993859 0.392410
vt 0.993859 0.466552
vt 0.993859 0.325943
vt 0.091466 0.860205
vt 0.990339 0.622793
vt 0.846464 0.902167
vt 0.523161 0.670378
vt 0.989105 0.004930
vt 0.366370 0.184500
vt 0.328202 0.685637
vt 0.133114 0.768030
vt 0.589710 0.397660
vt 0.979656 0.800010
vt 0.488980 0.597639
vt 0.204580 0.184497
vt 0.682544 0.377075
vt 0.119034 0.768738
vt 0.594496 0.198539
vt 0.204583 0.004930
vt 0.092977 0.770607
vt 0.366373 0.004933
vt 0.678512 0.576145
vt 0.161788 0.664006
vt 0.004883 0.609687
vt 0.119034 0.696884
vt 0.979656 0.719201
vt 0.133114 0.693846
vt 0.161788 0.741910
vt 0.864659 0.503402
vt 0.993859 0.320001
vt 0.767580 0.344201
vt 0.397874 0.857519
vt 0.995110 0.319953
vt 0.934481 0.504317
vt 0.993859 0.227808
vt 0.993859 0.237869
vt 0.323447 0.762848
vt 0.995110 0.237873
vt 0.908275 0.115507
vt 0.171297 0.664019
vt 0.860728 0.504317
vt 0.678523 0.593757
vt 0.910603 0.115507
vt 0.693999 0.344201
vt 0.993859 0.384757
vt 0.936803 0.301501
vt 0.146805 0.860205
vt 0.860728 0.399315
vt 0.937975 0.301501
vt 0.995117 0.325943
vt 0.768744 0.359520
vt 0.399474 0.691580
vt 0.860728 0.497458
vt 0.860728 0.406983
vt 0.937011 0.497458
vt 0.860728 0.483348
vt 0.004883 0.860205
vt 0.937011 0.496388
vt 0.995110 0.160840
vt 0.323447 0.691580
vt 0.767580 0.174904
vt 0.993859 0.160720
vt 0.693999 0.174904
vt 0.768744 0.358239
vt 0.004883 0.787819
vt 0.083658 0.860205
vt 0.990339 0.697616
vt 0.855009 0.448366
vt 0.846464 0.828925
vt 0.989105 0.705045
vt 0.989105 0.622793
vt 0.669439 0.384255
vt 0.855009 0.534351
vt 0.669439 0.383001
vt 0.989105 0.787026
vt 0.846464 0.736125
vt 0.855009 0.367964
vt 0.990339 0.787026
vt 0.990630 0.096892
vt 0.678231 0.390198
vt 0.990630 0.004930
vt 0.238996 0.753470
vt 0.678231 0.391240
vt 0.317734 0.753470
vt 0.918111 0.736125
vt 0.594465 0.391239
vt 0.908275 0.136162
vt 0.989105 0.107236
vt 0.989105 0.154781
vt 0.171297 0.753470
vt 0.678538 0.670354
vt 0.990630 0.154781
vt 0.523147 0.593781
vt 0.908275 0.137319
vt 0.782265 0.367964
vt 0.603320 0.670366
vt 0.860728 0.490444
vt 0.860728 0.489291
vt 0.939292 0.337783
vt 0.594465 0.384255
vt 0.908275 0.121450
vt 0.783807 0.534351
vt 0.147312 0.787818
vt 0.936803 0.212883
vt 0.937975 0.212883
vt 0.908275 0.122816
vt 0.909957 0.128759
vt 0.909957 0.130219
vt 0.919155 0.137174
vt 0.919155 0.138438
vt 0.166382 0.836221
vt 0.128505 0.768030
vt 0.939292 0.483348
vt 0.114241 0.768738
vt 0.317734 0.664019
vt 0.114241 0.696884
vt 0.979656 0.622793
vt 0.114241 0.612127
vt 0.974840 0.719201
vt 0.974841 0.627578
vt 0.128505 0.693846
vt 0.128505 0.613505
vt 0.974840 0.800010
vt 0.918111 0.902167
vt 0.133114 0.609441
vt 0.166382 0.664006
vt 0.399474 0.857519
vt 0.166382 0.741910
vt 0.119034 0.609441
vt 0.161788 0.841637
vt 0.770786 0.382995
vt 0.181935 0.309370
vt 0.142787 0.572110
vt 0.004887 0.309374
vt 0.771285 0.004930
vt 0.004883 0.150103
vt 0.514002 0.591015
vt 0.181931 0.150099
vt 0.597767 0.582101
vt 0.684834 0.383019
vt 0.319054 0.658064
vt 0.513990 0.505027
vt 0.684804 0.541667
vt 0.779898 0.451569
vt 0.142769 0.658056
vt 0.685426 0.163363
vt 0.085638 0.776550
vt 0.689559 0.259441
vt 0.684804 0.004933
vt 0.337711 0.504477
vt 0.779898 0.534351
vt 0.152618 0.787818
vt 0.689559 0.344201
vt 0.685158 0.588498
vt 0.004883 0.776550
vt 0.691995 0.169256
vt 0.779898 0.367964
vt 0.781340 0.365289
vn 0.002499 -0.999993 0.002821
vn 0.002859 -0.999991 0.003227
vn 0.005281 -0.999968 0.005959
vn -0.715132 0.697777 -0.041151
vn -0.715343 0.697562 -0.041140
vn -0.724238 0.689550 -0.000741
vn -0.724238 0.689550 -0.000741
vn -0.715343 0.697562 -0.041140
vn -0.720937 0.692999 -0.001719
vn -0.001575 0.560286 0.828298
vn 0.008580 0.704940 0.709215
vn 0.001861 0.563260 0.826277
vn 0.001861 0.563260 0.826277
vn 0.008580 0.704940 0.709215
vn 0.008583 0.707134 0.707027
vn 0.008583 0.707134 0.707027
vn 0.008580 0.704940 0.709215
vn 0.009604 0.621428 0.783412
vn 0.009604 0.621428 0.783412
vn 0.008580 0.704940 0.709215
vn 0.009839 0.618150 0.785999
vn 0.003848 0.660252 -0.751034
vn 0.003882 0.661548 -0.749893
vn -0.027013 0.696815 -0.716742
vn -0.027013 0.696815 -0.716742
vn 0.003882 0.661548 -0.749893
vn -0.027051 0.700780 -0.712864
vn -0.999171 0.040720 0.000030
vn -0.724238 0.689550 -0.000741
vn -0.998851 0.042442 0.022261
vn -0.998851 0.042442 0.022261
vn -0.724238 0.689550 -0.000741
vn -0.720937 0.692999 -0.001719
vn -0.027051 0.700780 -0.712864
vn -0.026871 0.237556 -0.971002
vn -0.027013 0.696815 -0.716742
vn -0.027013 0.696815 -0.716742
vn -0.026871 0.237556 -0.971002
vn -0.025604 0.217819 -0.975653
vn 0.976826 0.214033 0.000985
vn 0.716981 0.697051 0.007561
vn 0.970051 0.242874 0.003620
vn 0.970051 0.242874 0.003620
vn 0.716981 0.697051 0.007561
vn 0.713158 0.700961 0.007737
vn 0.713158 0.700961 0.007737
vn 0.716981 0.697051 0.007561
vn 0.754703 0.655281 0.032110
vn 0.754703 0.655281 0.032110
vn 0.716981 0.697051 0.007561
vn 0.756247 0.653507 0.031936
vn 0.000896 0.001432 0.999999
vn 0.002411 0.002481 0.999994
vn 0.007350 0.007571 0.999944
vn 0.175291 0.984011 0.031560
vn 0.064307 0.987377 0.144746
vn 0.031071 0.997672 0.060710
vn 0.031071 0.997672 0.060710
vn 0.064307 0.987377 0.144746
vn -0.003845 0.975141 0.221552
vn -0.009847 0.020581 -0.999740
vn -0.000524 0.021189 -0.999775
vn -0.028582 0.001308 -0.999591
vn 0.999793 0.019715 0.005111
vn 0.999765 0.019809 0.008864
vn 0.999768 0.010834 0.018630
vn -0.999609 0.027778 -0.003245
vn -0.999323 0.033052 -0.016188
vn -0.998840 -0.016722 0.045147
vn 0.028272 0.002390 -0.999597
vn -0.000524 0.021189 -0.999775
vn 0.009417 0.021278 -0.999729
vn 0.031071 0.997672 0.060710
vn 0.038384 0.997703 -0.055811
vn 0.175291 0.984011 0.031560
vn -0.000510 0.000529 1.000000
vn 0.000896 0.001432 0.999999
vn -0.001500 0.001565 0.999998
vn -0.011376 0.984236 -0.176492
vn -0.036032 0.998278 -0.046287
vn -0.074592 0.990533 -0.115245
vn -0.074592 0.990533 -0.115245
vn -0.036032 0.998278 -0.046287
vn -0.197564 0.980055 -0.021467
vn -0.028984 0.998256 0.051433
vn -0.056946 0.997972 0.028454
vn -0.012907 0.999116 0.040013
vn 0.999783 0.020808 0.000919
vn 0.999793 0.019715 0.005111
vn 0.999884 0.013589 -0.006852
vn -0.999323 0.033052 -0.016188
vn -0.998677 0.041522 -0.030345
vn -0.998616 0.029230 -0.043714
vn 0.001155 0.999054 0.043475
vn -0.208233 0.945340 0.250941
vn -0.159447 0.972581 0.169301
vn -0.159447 0.972581 0.169301
vn -0.208233 0.945340 0.250941
vn -0.327732 0.868977 0.370771
vn 0.001155 0.999054 0.043475
vn -0.013110 0.990063 0.140015
vn -0.208233 0.945340 0.250941
vn -0.028265 0.999587 -0.005174
vn -0.017915 0.999728 -0.014935
vn 0.046865 0.996946 -0.062477
vn 0.046865 0.996946 -0.062477
vn -0.017915 0.999728 -0.014935
vn -0.005165 0.998384 -0.056589
vn 0.152426 0.986675 -0.056904
vn 0.046865 0.996946 -0.062477
vn 0.097207 0.987258 -0.125986
vn 0.097207 0.987258 -0.125986
vn 0.046865 0.996946 -0.062477
vn 0.012499 0.970762 -0.239718
vn -0.162993 0.768933 0.618204
vn -0.001575 0.560286 0.828298
vn 0.001861 0.563260 0.826277
vn -0.357281 0.776543 -0.518972
vn -0.999171 0.040720 0.000030
vn -0.998851 0.042442 0.022261
vn 0.591766 0.664174 0.456822
vn 0.976826 0.214033 0.000985
vn 0.970051 0.242874 0.003620
vn 0.386649 0.700756 -0.599536
vn -0.025604 0.217819 -0.975653
vn -0.026871 0.237556 -0.971002
vn 0.000000 0.999982 -0.006030
vn -0.002905 0.999992 -0.002831
vn -0.002530 0.999992 -0.003243
vn -0.002530 0.999992 -0.003243
vn -0.002905 0.999992 -0.002831
vn -0.005355 0.999986 -0.000132
vn 0.783909 -0.619426 0.042406
vn 0.700025 -0.714072 0.008149
vn 0.079377 -0.996750 0.013716
vn 0.079377 -0.996750 0.013716
vn 0.700025 -0.714072 0.008149
vn -0.007924 -0.998069 0.061604
vn 0.038760 -0.999246 0.002048
vn -0.004579 -0.718740 -0.695264
vn 0.007077 -0.991765 0.127875
vn 0.007077 -0.991765 0.127875
vn -0.004579 -0.718740 -0.695264
vn -0.008508 -0.721070 -0.692810
vn 0.038760 -0.999246 0.002048
vn -0.005247 -0.694413 -0.719558
vn 0.005200 -0.711033 -0.703139
vn 0.005200 -0.711033 -0.703139
vn -0.005247 -0.694413 -0.719558
vn -0.008948 -0.464982 -0.885275
vn -0.003041 -0.641375 0.767222
vn 0.026997 -0.717863 0.695661
vn -0.023991 -0.990440 0.135846
vn -0.023991 -0.990440 0.135846
vn 0.026997 -0.717863 0.695661
vn -0.028833 -0.999444 -0.016768
vn -0.007924 -0.998069 0.061604
vn 0.700025 -0.714072 0.008149
vn -0.092858 -0.994238 0.053555
vn -0.092858 -0.994238 0.053555
vn 0.700025 -0.714072 0.008149
vn 0.989899 -0.139183 -0.026975
vn 0.029677 -0.132372 0.990756
vn 0.006861 -0.988670 -0.149946
vn 0.026997 -0.717863 0.695661
vn 0.026997 -0.717863 0.695661
vn 0.006861 -0.988670 -0.149946
vn -0.028833 -0.999444 -0.016768
vn -0.035622 -0.998406 -0.043791
vn -0.696864 -0.717076 -0.013512
vn 0.118210 -0.976372 -0.180901
vn 0.118210 -0.976372 -0.180901
vn -0.696864 -0.717076 -0.013512
vn -0.948562 -0.316551 0.005110
vn -0.035622 -0.998406 -0.043791
vn -0.119826 -0.992133 -0.036251
vn -0.696864 -0.717076 -0.013512
vn -0.696864 -0.717076 -0.013512
vn -0.119826 -0.992133 -0.036251
vn -0.797760 -0.602173 -0.031092
vn -0.000690 -0.000715 -1.000000
vn -0.001478 -0.001532 -0.999998
vn -0.000000 0.000000 -1.000000
vn 0.006861 -0.988670 -0.149946
vn -0.063057 -0.987077 -0.147316
vn -0.028833 -0.999444 -0.016768
vn -0.028833 -0.999444 -0.016768
vn -0.063057 -0.987077 -0.147316
vn -0.175235 -0.984019 -0.031600
vn 0.010591 -0.020409 0.999736
vn 0.030568 0.000251 0.999533
vn 0.000520 -0.021181 0.999776
vn -0.999797 -0.019396 -0.005491
vn -0.999763 -0.019321 -0.010015
vn -0.999784 -0.020792 -0.000413
vn 0.999617 -0.027568 0.002343
vn 0.998613 0.019667 -0.048844
vn 0.999320 -0.032850 0.016745
vn 0.000520 -0.021181 0.999776
vn -0.010224 -0.021069 0.999726
vn 0.010591 -0.020409 0.999736
vn -0.038758 -0.997692 0.055751
vn -0.028833 -0.999444 -0.016768
vn -0.175235 -0.984019 -0.031600
vn -0.000000 0.000000 -1.000000
vn -0.000000 0.000000 -1.000000
vn -0.000690 -0.000715 -1.000000
vn 0.007077 -0.991765 0.127875
vn 0.072089 -0.990346 0.118400
vn 0.038760 -0.999246 0.002048
vn 0.038760 -0.999246 0.002048
vn 0.072089 -0.990346 0.118400
vn 0.197561 -0.980061 0.021230
vn 0.028736 -0.998760 -0.040645
vn 0.017776 -0.999133 -0.037657
vn 0.061396 -0.997809 -0.024631
vn -0.999784 -0.020792 -0.000413
vn -0.999886 -0.012387 0.008600
vn -0.999797 -0.019396 -0.005491
vn 0.999320 -0.032850 0.016745
vn 0.998632 -0.041313 0.032060
vn 0.999617 -0.027568 0.002343
vn 0.350920 -0.851669 -0.389250
vn 0.223586 -0.938590 -0.262789
vn 0.118210 -0.976372 -0.180901
vn 0.118210 -0.976372 -0.180901
vn 0.223586 -0.938590 -0.262789
vn -0.035622 -0.998406 -0.043791
vn -0.035622 -0.998406 -0.043791
vn 0.223586 -0.938590 -0.262789
vn 0.012883 -0.990068 -0.140000
vn 0.005795 -0.998356 0.057023
vn 0.015333 -0.999719 0.018089
vn -0.007924 -0.998069 0.061604
vn -0.007924 -0.998069 0.061604
vn 0.015333 -0.999719 0.018089
vn 0.079377 -0.996750 0.013716
vn -0.092858 -0.994238 0.053555
vn -0.098825 -0.987298 0.124407
vn -0.007924 -0.998069 0.061604
vn -0.007924 -0.998069 0.061604
vn -0.098825 -0.987298 0.124407
vn -0.012099 -0.970784 0.239649
vn -0.456918 -0.199377 -0.866876
vn 0.007077 -0.991765 0.127875
vn -0.008508 -0.721070 -0.692810
vn 0.405789 -0.738023 0.539127
vn -0.092858 -0.994238 0.053555
vn 0.989899 -0.139183 -0.026975
vn -0.967592 -0.217682 0.127983
vn 0.118210 -0.976372 -0.180901
vn -0.948562 -0.316551 0.005110
vn -0.360956 -0.550584 0.752707
vn 0.006861 -0.988670 -0.149946
vn 0.029677 -0.132372 0.990756
vn 0.015201 -0.080615 0.996629
vn 0.015275 -0.080125 0.996668
vn 0.023365 -0.026838 0.999367
vn 0.023365 -0.026838 0.999367
vn 0.015275 -0.080125 0.996668
vn 0.023535 -0.026339 0.999376
vn 0.994881 -0.038259 0.093526
vn 0.959872 0.237743 0.148741
vn 0.994916 -0.036278 0.093952
vn 0.994916 -0.036278 0.093952
vn 0.959872 0.237743 0.148741
vn 0.959236 0.240036 0.149164
vn 0.033800 -0.021651 0.999194
vn 0.033530 -0.022180 0.999192
vn 0.023535 -0.026339 0.999376
vn 0.023535 -0.026339 0.999376
vn 0.033530 -0.022180 0.999192
vn 0.023365 -0.026838 0.999367
vn -0.996618 0.073026 0.037671
vn -0.996725 0.071435 0.037898
vn -0.996262 -0.064941 0.056969
vn -0.996262 -0.064941 0.056969
vn -0.996725 0.071435 0.037898
vn -0.996176 -0.066110 0.057129
vn -0.007790 -0.046372 -0.998894
vn -0.007537 -0.047073 -0.998863
vn 0.000934 -0.102125 -0.994771
vn 0.000934 -0.102125 -0.994771
vn -0.007537 -0.047073 -0.998863
vn 0.001025 -0.102733 -0.994708
vn -0.987814 -0.083778 -0.131165
vn -0.669108 0.711062 -0.216069
vn -0.988313 -0.075043 -0.132686
vn -0.988313 -0.075043 -0.132686
vn -0.669108 0.711062 -0.216069
vn -0.665710 0.714235 -0.216096
vn 0.021661 0.039895 -0.998969
vn 0.019748 -0.030403 -0.999343
vn 0.021691 0.039214 -0.998995
vn 0.021691 0.039214 -0.998995
vn 0.019748 -0.030403 -0.999343
vn 0.021294 -0.030781 -0.999299
vn 0.864532 -0.498659 -0.062639
vn 0.871063 -0.487209 -0.062270
vn 0.997215 0.066933 -0.032884
vn 0.997215 0.066933 -0.032884
vn 0.871063 -0.487209 -0.062270
vn 0.997131 0.068210 -0.032808
vn -0.947924 -0.099746 -0.302475
vn -0.947986 -0.099493 -0.302364
vn -0.968006 -0.025451 -0.249632
vn -0.968006 -0.025451 -0.249632
vn -0.947986 -0.099493 -0.302364
vn -0.974160 -0.022518 -0.224733
vn -0.256467 0.219109 0.941391
vn -0.313522 0.534140 0.785111
vn -0.256569 0.219568 0.941256
vn -0.256569 0.219568 0.941256
vn -0.313522 0.534140 0.785111
vn -0.315480 0.549285 0.773795
vn -0.034800 0.065206 -0.997265
vn -0.034926 0.063701 -0.997358
vn -0.061833 -0.288266 -0.955552
vn -0.061833 -0.288266 -0.955552
vn -0.034926 0.063701 -0.997358
vn -0.062074 -0.291764 -0.954474
vn -0.999159 -0.031687 -0.026031
vn -0.999143 -0.032185 -0.026045
vn -0.974160 -0.022518 -0.224733
vn -0.974160 -0.022518 -0.224733
vn -0.999143 -0.032185 -0.026045
vn -0.968006 -0.025451 -0.249632
vn 0.005961 0.057144 0.998348
vn 0.006038 0.055213 0.998456
vn 0.019972 -0.309807 0.950590
vn 0.019972 -0.309807 0.950590
vn 0.006038 0.055213 0.998456
vn 0.020121 -0.313871 0.949253
vn 0.999544 0.021182 0.021542
vn 0.998918 -0.038286 0.026387
vn 0.999556 0.020545 0.021569
vn 0.999556 0.020545 0.021569
vn 0.998918 -0.038286 0.026387
vn 0.998909 -0.038897 0.025845
vn 0.996814 -0.038703 0.069749
vn 0.996572 -0.039516 0.072687
vn 0.991935 -0.093334 0.085754
vn 0.991935 -0.093334 0.085754
vn 0.996572 -0.039516 0.072687
vn 0.991859 -0.094014 0.085893
vn 0.146855 -0.094890 -0.984596
vn 0.190965 0.298969 -0.934960
vn 0.147280 -0.091950 -0.984812
vn 0.147280 -0.091950 -0.984812
vn 0.190965 0.298969 -0.934960
vn 0.191149 0.301332 -0.934164
vn 0.814389 0.248285 -0.524524
vn 0.778068 0.384537 -0.496731
vn 0.790260 0.345840 -0.505850
vn 0.790260 0.345840 -0.505850
vn 0.778068 0.384537 -0.496731
vn 0.718165 0.527957 -0.453321
vn -0.052156 0.489074 0.870681
vn 0.148186 0.331844 0.931623
vn 0.244818 0.244492 0.938237
vn 0.244818 0.244492 0.938237
vn 0.148186 0.331844 0.931623
vn 0.283937 0.206786 0.936279
vn -0.292354 0.105549 -0.950467
vn -0.287711 0.150693 -0.945787
vn -0.289358 0.135371 -0.947601
vn -0.289358 0.135371 -0.947601
vn -0.287711 0.150693 -0.945787
vn -0.277821 0.231325 -0.932365
vn -0.940621 0.062886 0.333581
vn -0.824606 0.453252 0.338508
vn -0.891796 0.294522 0.343448
vn -0.891796 0.294522 0.343448
vn -0.824606 0.453252 0.338508
vn -0.664196 0.680629 0.309173
vn 0.078867 0.988957 -0.125472
vn 0.038384 0.997703 -0.055811
vn 0.024472 0.997339 -0.068678
vn 0.024472 0.997339 -0.068678
vn 0.038384 0.997703 -0.055811
vn 0.031071 0.997672 0.060710
vn 0.033530 -0.022180 0.999192
vn 0.033800 -0.021651 0.999194
vn 0.037630 0.026686 0.998935
vn 0.037630 0.026686 0.998935
vn 0.033800 -0.021651 0.999194
vn 0.037666 0.027230 0.998919
vn -0.078784 -0.988986 0.125301
vn -0.023991 -0.990440 0.135846
vn -0.038758 -0.997692 0.055751
vn -0.038758 -0.997692 0.055751
vn -0.023991 -0.990440 0.135846
vn -0.028833 -0.999444 -0.016768
vn 0.072846 0.996928 0.028762
vn 0.031088 0.996724 0.074666
vn 0.001155 0.999054 0.043475
vn 0.001155 0.999054 0.043475
vn 0.031088 0.996724 0.074666
vn -0.013110 0.990063 0.140015
vn -0.999143 -0.032185 -0.026045
vn -0.999159 -0.031687 -0.026031
vn -0.999683 0.013214 -0.021442
vn -0.999683 0.013214 -0.021442
vn -0.999159 -0.031687 -0.026031
vn -0.999677 0.013722 -0.021388
vn 0.012883 -0.990068 -0.140000
vn -0.028464 -0.996535 -0.078159
vn -0.035622 -0.998406 -0.043791
vn -0.035622 -0.998406 -0.043791
vn -0.028464 -0.996535 -0.078159
vn -0.119826 -0.992133 -0.036251
vn 0.012499 0.970762 -0.239718
vn 0.046865 0.996946 -0.062477
vn -0.005165 0.998384 -0.056589
vn 0.996572 -0.039516 0.072687
vn 0.996814 -0.038703 0.069749
vn 0.998918 -0.038286 0.026387
vn 0.998918 -0.038286 0.026387
vn 0.996814 -0.038703 0.069749
vn 0.998909 -0.038897 0.025845
vn -0.007924 -0.998069 0.061604
vn -0.012099 -0.970784 0.239649
vn 0.005795 -0.998356 0.057023
vn -0.197564 0.980055 -0.021467
vn -0.036032 0.998278 -0.046287
vn -0.056946 0.997972 0.028454
vn -0.007537 -0.047073 -0.998863
vn -0.007790 -0.046372 -0.998894
vn 0.019748 -0.030403 -0.999343
vn 0.019748 -0.030403 -0.999343
vn -0.007790 -0.046372 -0.998894
vn 0.021294 -0.030781 -0.999299
vn 0.038760 -0.999246 0.002048
vn 0.197561 -0.980061 0.021230
vn 0.061396 -0.997809 -0.024631
vn 0.006208 0.981495 0.191388
vn -0.012907 0.999116 0.040013
vn -0.036032 0.998278 -0.046287
vn -0.012907 0.999116 0.040013
vn -0.056946 0.997972 0.028454
vn -0.036032 0.998278 -0.046287
vn 0.915253 -0.383974 -0.121970
vn 0.871063 -0.487209 -0.062270
vn 0.910807 -0.394513 -0.121617
vn 0.910807 -0.394513 -0.121617
vn 0.871063 -0.487209 -0.062270
vn 0.864532 -0.498659 -0.062639
vn -0.005247 -0.694413 -0.719558
vn 0.038760 -0.999246 0.002048
vn 0.017776 -0.999133 -0.037657
vn 0.061396 -0.997809 -0.024631
vn 0.017776 -0.999133 -0.037657
vn 0.038760 -0.999246 0.002048
vn -0.999323 0.033052 -0.016188
vn -0.999609 0.027778 -0.003245
vn -0.998677 0.041522 -0.030345
vn 0.000896 0.001432 0.999999
vn -0.000510 0.000529 1.000000
vn 0.002411 0.002481 0.999994
vn 0.999793 0.019715 0.005111
vn 0.999783 0.020808 0.000919
vn 0.999765 0.019809 0.008864
vn 0.009417 0.021278 -0.999729
vn -0.000524 0.021189 -0.999775
vn -0.009847 0.020581 -0.999740
vn -0.000000 -1.000000 -0.000000
vn 0.002859 -0.999991 0.003227
vn 0.002499 -0.999993 0.002821
vn 0.999320 -0.032850 0.016745
vn 0.998485 -0.026296 0.048331
vn 0.998632 -0.041313 0.032060
vn -0.000690 -0.000715 -1.000000
vn -0.004488 -0.004653 -0.999979
vn -0.001478 -0.001532 -0.999998
vn -0.999797 -0.019396 -0.005491
vn -0.999723 -0.008208 -0.022060
vn -0.999763 -0.019321 -0.010015
vn -0.030554 -0.000602 0.999533
vn -0.010224 -0.021069 0.999726
vn 0.000520 -0.021181 0.999776
s off
g cardboard_box_a cardboard_boxes
usemtl phongE1SG
f 40/83/1 38/93/2 37/95/3
f 41/85/4 42/186/5 44/101/6
f 44/101/7 42/186/8 43/195/9
f 41/204/10 46/102/11 45/185/12
f 45/185/13 46/102/14 47/202/15
f 47/202/16 46/102/17 49/200/18
f 49/200/19 46/102/20 48/97/21
f 50/87/22 51/197/23 53/100/24
f 53/100/25 51/197/26 52/193/27
f 50/199/28 44/101/29 54/196/30
f 54/196/31 44/101/32 43/195/33
f 52/193/34 55/194/35 53/100/36
f 53/100/37 55/194/38 56/191/39
f 48/203/40 58/99/41 57/192/42
f 57/192/43 58/99/44 59/190/45
f 59/190/46 58/99/47 60/188/48
f 60/188/49 58/99/50 56/91/51
f 46/10/52 37/96/53 48/12/54
f 61/25/55 62/150/56 52/16/57
f 52/16/58 62/150/59 55/159/60
f 38/2/61 53/17/62 56/92/63
f 58/22/64 38/94/65 56/20/66
f 39/3/67 44/8/68 50/88/69
f 50/14/70 53/17/71 39/90/72
f 52/16/73 73/143/74 61/25/75
f 40/4/76 46/10/77 41/86/78
f 45/126/79 47/11/80 65/134/81
f 65/134/82 47/11/83 79/111/84
f 66/30/85 64/31/86 81/106/87
f 37/1/88 58/22/89 48/98/90
f 44/8/91 40/84/92 41/5/93
f 59/23/94 67/33/95 57/114/96
f 57/114/97 67/33/98 68/164/99
f 59/23/100 75/156/101 67/33/102
f 42/187/103 70/130/104 43/7/105
f 43/7/106 70/130/107 71/128/108
f 54/173/109 43/7/110 72/39/111
f 72/39/112 43/7/113 77/122/114
f 42/6/115 41/204/116 45/185/117
f 51/15/118 50/199/119 54/196/120
f 49/13/121 48/203/122 57/192/123
f 60/24/124 56/191/125 55/194/126
f 4/206/127 3/208/128 2/212/129
f 2/212/130 3/208/131 1/210/132
f 18/229/133 27/221/134 17/139/135
f 17/139/136 27/221/137 28/46/138
f 21/49/139 20/222/140 19/137/141
f 19/137/142 20/222/143 18/44/144
f 21/49/145 29/118/146 20/222/147
f 20/222/148 29/118/149 30/227/150
f 23/225/151 25/218/152 22/176/153
f 22/176/154 25/218/155 26/55/156
f 28/46/157 27/221/158 24/177/159
f 24/177/160 27/221/161 23/53/162
f 35/231/163 36/169/164 25/218/165
f 25/218/166 36/169/167 26/55/168
f 33/61/169 32/213/170 31/116/171
f 31/116/172 32/213/173 30/52/174
f 33/61/175 34/167/176 32/213/177
f 32/213/178 34/167/179 35/58/180
f 20/50/181 2/211/182 1/43/183
f 36/169/184 9/151/185 26/55/186
f 26/55/187 9/151/188 6/142/189
f 4/41/190 35/215/191 25/54/192
f 32/62/193 4/205/194 2/40/195
f 3/42/196 23/220/197 27/45/198
f 25/54/199 3/207/200 4/41/201
f 74/66/202 26/55/203 6/142/204
f 1/43/205 18/224/206 20/50/207
f 19/137/208 7/135/209 21/49/210
f 21/49/211 7/135/212 80/68/213
f 8/105/214 82/70/215 5/71/216
f 2/40/217 30/217/218 32/62/219
f 27/45/220 1/209/221 3/42/222
f 11/165/223 12/170/224 31/116/225
f 31/116/226 12/170/227 33/61/228
f 33/61/229 12/170/230 76/74/231
f 15/140/232 14/131/233 28/46/234
f 28/46/235 14/131/236 17/139/237
f 24/177/238 16/121/239 28/46/240
f 28/46/241 16/121/242 78/78/243
f 17/230/244 19/137/245 18/44/246
f 22/226/247 24/177/248 23/53/249
f 29/228/250 31/116/251 30/52/252
f 34/232/253 36/169/254 35/231/255
f 9/152/256 62/149/257 6/65/258
f 6/65/259 62/149/260 61/144/261
f 9/64/262 36/171/263 62/26/264
f 62/26/265 36/171/266 55/172/267
f 73/27/268 74/141/269 61/144/270
f 61/144/271 74/141/272 6/65/273
f 10/148/274 63/146/275 22/56/276
f 22/56/277 63/146/278 51/174/279
f 79/28/280 80/109/281 65/133/282
f 65/133/283 80/109/284 7/136/285
f 7/67/286 19/138/287 65/29/288
f 65/29/289 19/138/290 45/125/291
f 8/104/292 5/110/293 66/107/294
f 66/107/295 5/110/296 64/112/297
f 81/32/298 82/103/299 66/108/300
f 66/108/301 82/103/302 8/69/303
f 11/166/304 68/163/305 12/73/306
f 12/73/307 68/163/308 67/162/309
f 11/72/310 31/117/311 68/34/312
f 68/34/313 31/117/314 57/113/315
f 13/154/316 69/157/317 34/63/318
f 34/63/319 69/157/320 60/160/321
f 75/35/322 76/153/323 67/162/324
f 67/162/325 76/153/326 12/73/327
f 14/132/328 70/129/329 17/47/330
f 17/47/331 70/129/332 42/127/333
f 14/76/334 15/75/335 70/36/336
f 70/36/337 15/75/338 71/37/339
f 77/38/340 78/119/341 72/124/342
f 72/124/343 78/119/344 16/77/345
f 16/120/346 24/178/347 72/123/348
f 72/123/349 24/178/350 54/179/351
f 19/48/352 17/181/353 45/9/354
f 45/9/355 17/181/356 42/182/357
f 22/180/358 51/175/359 24/57/360
f 24/57/361 51/175/362 54/18/363
f 31/60/364 29/183/365 57/21/366
f 57/21/367 29/183/368 49/184/369
f 36/59/370 34/168/371 55/19/372
f 55/19/373 34/168/374 60/161/375
f 63/80/376 73/143/377 51/198/378
f 51/198/379 73/143/380 52/16/381
f 74/141/382 73/27/383 10/79/384
f 10/79/385 73/27/386 63/145/387
f 10/147/388 22/176/389 74/66/390
f 74/66/391 22/176/392 26/55/393
f 60/189/394 69/158/395 59/23/396
f 59/23/397 69/158/398 75/156/399
f 76/153/400 75/35/401 13/155/402
f 13/155/403 75/35/404 69/82/405
f 76/74/406 13/81/407 33/61/408
f 33/61/409 13/81/410 34/167/411
f 77/122/412 43/7/413 71/128/414
f 78/119/415 77/38/416 15/75/417
f 15/75/418 77/38/419 71/37/420
f 28/46/421 78/78/422 15/140/423
f 79/111/424 47/11/425 64/31/426
f 80/109/427 79/28/428 5/110/429
f 5/110/430 79/28/431 64/112/432
f 21/49/433 80/68/434 5/71/435
f 49/201/436 81/106/437 47/11/438
f 81/106/439 64/31/440 47/11/441
f 29/51/442 82/103/443 49/115/444
f 49/115/445 82/103/446 81/32/447
f 29/118/448 21/49/449 82/70/450
f 5/71/451 82/70/452 21/49/453
f 44/8/454 39/3/455 40/84/456
f 46/10/457 40/4/458 37/96/459
f 58/22/460 37/1/461 38/94/462
f 39/90/463 53/17/464 38/2/465
f 39/89/466 38/93/467 40/83/468
f 27/45/469 18/223/470 1/209/471
f 20/50/472 30/216/473 2/211/474
f 32/62/475 35/214/476 4/205/477
f 23/219/478 3/207/479 25/54/480
g default
v 23.077339 0.381178 -17.142067
v -23.487221 0.787576 -17.142067
v 24.022697 22.783405 -17.142067
v -22.991013 22.734781 -16.641315
v 24.022697 22.757446 17.142067
v -24.022675 23.184275 17.142086
v 24.022697 0.381178 17.142067
v -24.022675 0.381178 16.679457
v 24.022697 23.184256 -0.624769
v -24.022675 23.184256 0.000000
v -23.571404 0.442818 0.000000
v 24.022697 0.381178 -0.000000
v 23.252228 22.978165 -0.470342
v -23.252167 23.313923 -0.470342
v 23.489357 23.921783 -0.091668
v -23.489296 24.396059 -0.091668
v 0.000053 23.159702 -0.470342
v 0.000053 23.018036 -17.142067
v 0.000053 0.381178 -17.142067
v 0.000053 0.381178 -0.000000
v 0.000053 0.381178 16.688816
v 0.000053 23.438688 16.706581
v 0.000053 23.619995 -0.091668
v 16.276596 23.130499 -0.144828
v 16.815895 23.184256 -16.350058
v 16.815895 0.381178 -16.403187
v 16.815895 0.381178 -0.000000
v 16.815895 0.381178 16.706320
v 16.815895 23.184256 17.142067
v 16.442574 23.025120 0.311933
v -14.093582 24.110365 0.191959
v -14.413574 23.184256 17.142067
v -14.413574 0.381178 17.142067
v -14.413574 0.381178 0.000000
v -14.413574 0.873081 -17.142067
v -14.413574 23.184256 -17.142067
v -13.951286 23.452229 -0.186715
v 0.000053 -0.018822 -0.000000
v -14.413574 -0.018822 0.000000
v 0.002266 23.559704 -0.471358
v -13.950684 23.852228 -0.190535
v -14.087128 24.509819 0.212343
v 0.003456 24.019794 -0.078684
v 16.278900 23.530493 -0.142713
v 16.815895 -0.018822 -0.000000
v 16.438339 23.424946 0.323903
v 23.256531 23.378128 -0.467056
v 23.480904 24.321457 -0.077840
v -23.483292 24.795238 -0.066759
v -23.255089 23.713882 -0.475004
v 0.000053 -0.018822 -17.226883
v 0.000076 0.296361 -17.542067
v -14.413559 0.788263 -17.542067
v -14.413574 0.473082 -17.226883
v 0.002243 23.101618 -17.542080
v 0.002266 23.416582 -17.226683
v -14.404526 23.585432 -17.229479
v -14.412987 23.267693 -17.542084
v 0.003342 23.833822 16.795465
v 0.003296 23.514654 17.106617
v -14.407524 23.257252 17.542114
v -14.401886 23.580795 17.235519
v 0.000099 0.296361 17.088816
v 0.000053 -0.018822 16.773634
v -14.413574 -0.018822 17.226883
v -14.413490 0.296361 17.542067
v -23.971382 0.358000 0.000000
v -23.656204 0.042817 0.000000
v -24.107315 0.296278 17.079622
v -24.422409 0.296361 16.764442
v -24.107544 -0.018823 16.764359
v -24.389130 23.592762 17.250502
v -24.405716 23.036400 17.265638
v -24.081688 23.247850 17.553871
v -24.422646 22.868999 -0.000070
v -24.107452 23.184256 -0.000149
v 24.107597 -0.018823 17.226955
v 24.422554 0.296437 17.226946
v 24.107452 0.296289 17.542208
v 24.422714 0.296304 -0.008485
v 24.107475 -0.018822 -0.000000
v 24.107521 23.184256 -0.624989
v 24.422714 22.868996 -0.625054
v 24.394714 23.166750 17.243870
v 24.071243 22.813503 17.551828
v 24.411491 22.569906 17.244520
v 24.038803 22.773888 17.159090
v -23.572029 0.387573 -17.226883
v -23.887169 0.702770 -17.226866
v -23.571999 0.702760 -17.542063
v -23.367455 23.132235 -16.726999
v -23.047714 22.788582 -17.040953
v -23.388977 22.556702 -16.731049
v -23.009850 22.753487 -16.660240
v 23.162193 0.296387 -17.542015
v 23.477409 0.296361 -17.226831
v 23.162148 -0.018823 -17.226860
v 23.774910 23.178913 -17.221466
v 24.043472 22.803940 -17.162432
v 24.426208 22.651966 -17.248957
v 24.096878 22.853416 -17.538363
v 16.818214 23.270594 -16.750065
v 16.808266 23.585339 -16.434444
v 16.815895 -0.018822 -16.488005
v 16.815941 0.296361 -16.803186
v 16.815849 0.296361 17.106319
v 16.815895 -0.018822 16.791136
v 16.805206 23.580341 17.230978
v 16.811852 23.261150 17.542095
vt 0.236522 0.476274
vt 0.918883 0.184027
vt 0.294305 0.566166
vt 0.098894 0.470320
vt 0.580940 0.101262
vt 0.041813 0.335238
vt 0.489862 0.159072
vt 0.775143 0.264058
vt 0.098894 0.402825
vt 0.041813 0.402825
vt 0.880001 0.072689
vt 0.879888 0.140768
vt 0.580940 0.197625
vt 0.004883 0.402825
vt 0.302830 0.759413
vt 0.780595 0.148805
vt 0.618753 0.870132
vt 0.194578 0.402825
vt 0.004883 0.470320
vt 0.781268 0.156948
vt 0.685402 0.870132
vt 0.194578 0.470320
vt 0.901086 0.068996
vt 0.901086 0.030562
vt 0.889256 0.030813
vt 0.889256 0.069599
vt 0.901086 0.113825
vt 0.169775 0.476274
vt 0.167082 0.470320
vt 0.167082 0.402825
vt 0.580940 0.033848
vt 0.775143 0.330601
vt 0.889256 0.114855
vt 0.927384 0.270991
vt 0.889256 0.134429
vt 0.917784 0.131231
vt 0.901086 0.004930
vt 0.845262 0.637357
vt 0.845262 0.582774
vt 0.699068 0.585999
vt 0.699068 0.643281
vt 0.845262 0.702488
vt 0.699068 0.710372
vt 0.929430 0.270991
vt 0.685402 0.869941
vt 0.777658 0.730182
vt 0.699068 0.739498
vt 0.766971 0.739498
vt 0.780595 0.148944
vt 0.919983 0.131231
vt 0.919983 0.071220
vt 0.845262 0.547587
vt 0.777658 0.547587
vt 0.781208 0.157060
vt 0.287719 0.192236
vt 0.585155 0.297635
vt 0.585155 0.230890
vt 0.355543 0.192236
vt 0.229590 0.192236
vt 0.585155 0.355418
vt 0.191929 0.192236
vt 0.838456 0.835082
vt 0.494616 0.297635
vt 0.777658 0.637357
vt 0.777658 0.702488
vt 0.494616 0.230890
vt 0.494616 0.355418
vt 0.777658 0.582774
vt 0.879804 0.004891
vt 0.766971 0.643281
vt 0.486461 0.305422
vt 0.486461 0.238014
vt 0.766971 0.710372
vt 0.766971 0.585999
vt 0.486461 0.363238
vt 0.918149 0.069924
vt 0.394768 0.305422
vt 0.287719 0.327553
vt 0.355543 0.327553
vt 0.394768 0.238014
vt 0.394768 0.363238
vt 0.229590 0.327553
vt 0.394768 0.402084
vt 0.191929 0.327553
vt 0.768773 0.835082
vt 0.191929 0.260202
vt 0.700819 0.835082
vt 0.836655 0.835082
vt 0.881284 0.141272
vt 0.880242 0.072694
vt 0.768773 0.745441
vt 0.881490 0.006126
vt 0.383288 0.327553
vt 0.545894 0.781182
vt 0.544330 0.781182
vt 0.383288 0.260202
vt 0.473815 0.781182
vt 0.544330 0.691579
vt 0.546918 0.869941
vt 0.383288 0.192236
vt 0.405812 0.781182
vt 0.618753 0.869941
vt 0.473815 0.691579
vt 0.405812 0.691579
vt 0.585155 0.203568
vt 0.927345 0.212848
vt 0.287719 0.260202
vt 0.229590 0.260202
vt 0.355543 0.260202
vt 0.384916 0.192236
vt 0.383288 0.190443
vt 0.355543 0.190443
vt 0.191929 0.190443
vt 0.190316 0.192236
vt 0.384916 0.260202
vt 0.383288 0.329295
vt 0.384916 0.327553
vt 0.355543 0.329295
vt 0.190316 0.327553
vt 0.191929 0.329295
vt 0.190316 0.260202
vt 0.229590 0.329295
vt 0.287719 0.329295
vt 0.229590 0.190443
vt 0.287719 0.190443
vt 0.494616 0.203568
vt 0.775143 0.702488
vt 0.685402 0.868187
vt 0.836655 0.745441
vt 0.838456 0.745441
vt 0.768764 0.710372
vt 0.545894 0.692007
vt 0.546918 0.868187
vt 0.618753 0.868187
vt 0.882325 0.072677
vt 0.700819 0.745441
vt 0.486461 0.402084
vt 0.768764 0.585999
vt 0.768764 0.643281
vt 0.775143 0.582774
vt 0.775143 0.637357
vt 0.404277 0.781182
vt 0.404277 0.691579
vt 0.494616 0.391699
vt 0.585155 0.391699
vt 0.486461 0.208811
vt 0.394768 0.208811
vt 0.699068 0.835082
vt 0.699068 0.745441
vt 0.929440 0.214097
vt 0.775143 0.730182
vt 0.768764 0.739498
vt 0.780595 0.151005
vt 0.766971 0.547608
vt 0.768764 0.547608
vt 0.775143 0.547587
vt 0.781085 0.159235
vt 0.898765 0.133076
vt 0.845262 0.730182
vt 0.898765 0.004930
vt 0.837580 0.159226
vt 0.891576 0.134429
vt 0.841128 0.151005
vt 0.891576 0.004930
vt 0.699068 0.547608
vt 0.898765 0.030562
vt 0.851218 0.148805
vt 0.837484 0.157141
vt 0.891576 0.030813
vt 0.842842 0.169304
vt 0.889256 0.004930
vt 0.891576 0.114855
vt 0.842842 0.359366
vt 0.841128 0.148805
vt 0.898765 0.113825
vt 0.851218 0.331840
vt 0.901086 0.133076
vt 0.891576 0.069599
vt 0.898765 0.068996
vt 0.851218 0.184027
vt 0.842842 0.207191
vt 0.842842 0.330601
vt 0.842842 0.264058
vt 0.851218 0.304913
vt 0.851218 0.239810
vt 0.294305 0.476274
vt 0.918883 0.148805
vt 0.330277 0.476274
vt 0.551673 0.772275
vt 0.041813 0.470320
vt 0.551673 0.862244
vt 0.330277 0.566166
vt 0.580940 0.159072
vt 0.687169 0.862244
vt 0.004883 0.335238
vt 0.775143 0.207191
vt 0.687169 0.772275
vt 0.489862 0.197625
vt 0.775143 0.169304
vt 0.489862 0.033848
vt 0.489862 0.101262
vt 0.167082 0.335238
vt 0.098894 0.335238
vt 0.169775 0.566166
vt 0.236522 0.566166
vt 0.918883 0.304913
vt 0.918883 0.239810
vt 0.240165 0.759413
vt 0.142769 0.566166
vt 0.180807 0.759413
vt 0.619388 0.862244
vt 0.619388 0.772275
vt 0.580940 0.004930
vt 0.194578 0.335238
vt 0.775143 0.359366
vt 0.489862 0.004930
vt 0.142769 0.476274
vt 0.918883 0.331840
vt 0.686753 0.869979
vt 0.779898 0.148944
vt 0.240165 0.860896
vt 0.302830 0.860896
vt 0.180807 0.860896
vt 0.779898 0.157332
vt 0.917784 0.071220
vt 0.879747 0.142449
vt 0.879772 0.006487
vt 0.879899 0.006418
vt 0.546918 0.870132
vt 0.546918 0.869941
vt 0.927294 0.214097
vt 0.927345 0.214097
vn 0.021415 0.000000 0.999771
vn 0.005086 -0.006582 0.999965
vn -0.024803 -0.000753 0.999692
vn -0.024803 -0.000753 0.999692
vn 0.005086 -0.006582 0.999965
vn -0.023892 0.000000 0.999715
vn 0.000390 0.000000 -1.000000
vn -0.013685 0.006289 -0.999887
vn -0.008289 0.006398 -0.999945
vn -0.008289 0.006398 -0.999945
vn -0.013685 0.006289 -0.999887
vn 0.000023 0.000770 -1.000000
vn 0.003574 0.999987 0.003746
vn 0.001195 0.999905 0.013746
vn 0.000000 1.000000 0.000000
vn 0.000000 1.000000 0.000000
vn 0.001195 0.999905 0.013746
vn 0.000000 1.000000 0.000000
vn 1.000000 0.000000 -0.000000
vn 0.999809 0.011550 0.015790
vn 0.999273 0.013714 0.035570
vn 0.999273 0.013714 0.035570
vn 0.999809 0.011550 0.015790
vn 0.999590 0.007521 0.027613
vn -1.000000 0.000000 0.000000
vn -1.000000 0.000000 0.000000
vn -0.999635 0.000741 0.027022
vn -0.999635 0.000741 0.027022
vn -1.000000 0.000000 0.000000
vn -0.999861 0.012175 0.011364
vn 0.999732 -0.022705 0.004453
vn 0.999269 0.002462 0.038149
vn 0.999590 0.007521 0.027613
vn 0.999590 0.007521 0.027613
vn 0.999269 0.002462 0.038149
vn 0.999273 0.013714 0.035570
vn 0.015990 0.999872 -0.000000
vn 0.007978 0.999789 0.018920
vn 0.003574 0.999987 0.003746
vn 0.003574 0.999987 0.003746
vn 0.007978 0.999789 0.018920
vn 0.001195 0.999905 0.013746
vn -0.999110 0.042162 -0.001023
vn -0.999293 0.017207 0.033440
vn -0.999861 0.012175 0.011364
vn -0.999861 0.012175 0.011364
vn -0.999293 0.017207 0.033440
vn -0.999635 0.000741 0.027022
vn -0.007326 -0.999958 0.005467
vn -0.000578 -0.999828 0.018547
vn -0.002198 -0.999942 0.010543
vn -0.002198 -0.999942 0.010543
vn -0.000578 -0.999828 0.018547
vn 0.012624 -0.999801 0.015457
vn -0.035472 -0.999313 -0.010786
vn -0.016438 -0.999728 -0.016564
vn -0.018373 -0.999016 -0.040362
vn -0.018373 -0.999016 -0.040362
vn -0.016438 -0.999728 -0.016564
vn 0.005758 -0.998248 -0.058894
vn -0.007552 -0.999965 -0.003569
vn -0.007326 -0.999958 0.005467
vn -0.012175 -0.999918 0.003861
vn -0.012175 -0.999918 0.003861
vn -0.007326 -0.999958 0.005467
vn -0.002198 -0.999942 0.010543
vn -0.000991 -0.002330 0.999997
vn -0.024803 -0.000753 0.999692
vn -0.000788 -0.001897 0.999998
vn -0.000788 -0.001897 0.999998
vn -0.024803 -0.000753 0.999692
vn -0.023892 0.000000 0.999715
vn 0.015990 0.999872 -0.000000
vn 0.003574 0.999987 0.003746
vn 0.000000 1.000000 0.000000
vn 0.000000 1.000000 0.000000
vn 0.003574 0.999987 0.003746
vn 0.000000 1.000000 0.000000
vn 0.003574 0.999987 0.003746
vn 0.000000 1.000000 0.000000
vn 0.000000 1.000000 0.000000
vn 0.000000 1.000000 0.000000
vn 0.000000 1.000000 0.000000
vn 0.000000 1.000000 0.000000
vn 0.015125 0.014577 -0.999779
vn -0.008289 0.006398 -0.999945
vn 0.011714 0.011255 -0.999868
vn 0.011714 0.011255 -0.999868
vn -0.008289 0.006398 -0.999945
vn 0.000023 0.000770 -1.000000
vn -0.035472 -0.999313 -0.010786
vn 0.005714 -0.999861 -0.015659
vn -0.016438 -0.999728 -0.016564
vn -0.016438 -0.999728 -0.016564
vn 0.005714 -0.999861 -0.015659
vn -0.028942 -0.999530 0.010093
vn -0.054531 -0.998470 0.009144
vn -0.030835 -0.999524 -0.000474
vn -0.012175 -0.999918 0.003861
vn -0.012175 -0.999918 0.003861
vn -0.030835 -0.999524 -0.000474
vn -0.007552 -0.999965 -0.003569
vn 0.117190 -0.004945 0.993097
vn 0.110323 -0.002710 0.993892
vn -0.000788 -0.001897 0.999998
vn -0.000788 -0.001897 0.999998
vn 0.110323 -0.002710 0.993892
vn -0.000991 -0.002330 0.999997
vn 0.000000 1.000000 0.000000
vn 0.000000 1.000000 0.000000
vn 0.000000 1.000000 0.000000
vn 0.000000 1.000000 0.000000
vn 0.000000 1.000000 0.000000
vn 0.000000 1.000000 0.000000
vn 0.000000 1.000000 0.000000
vn 0.000000 1.000000 0.000000
vn 0.000000 1.000000 0.000000
vn 0.000000 1.000000 0.000000
vn 0.000000 1.000000 0.000000
vn 0.000000 1.000000 0.000000
vn 0.060353 0.000000 -0.998177
vn 0.015125 0.014577 -0.999779
vn 0.012314 0.015504 -0.999804
vn 0.012314 0.015504 -0.999804
vn 0.015125 0.014577 -0.999779
vn 0.011714 0.011255 -0.999868
vn 0.121928 -0.990021 -0.070661
vn -0.012377 -0.999870 -0.010328
vn 0.005714 -0.999861 -0.015659
vn 0.005714 -0.999861 -0.015659
vn -0.012377 -0.999870 -0.010328
vn -0.028942 -0.999530 0.010093
vn -0.000002 -0.997537 -0.070141
vn -0.019037 -0.998008 -0.060151
vn 0.005758 -0.998248 -0.058894
vn 0.005758 -0.998248 -0.058894
vn -0.019037 -0.998008 -0.060151
vn -0.018373 -0.999016 -0.040362
vn 0.000390 0.000000 -1.000000
vn 0.035894 0.005148 -0.999342
vn -0.013685 0.006289 -0.999887
vn -0.013685 0.006289 -0.999887
vn 0.035894 0.005148 -0.999342
vn -0.000001 0.020284 -0.999794
vn 0.006730 0.999905 0.012040
vn 0.001988 0.999997 0.001145
vn 0.001195 0.999905 0.013746
vn 0.001195 0.999905 0.013746
vn 0.001988 0.999997 0.001145
vn 0.000000 1.000000 0.000000
vn 0.007978 0.999789 0.018920
vn -0.004350 0.999652 0.026002
vn 0.001195 0.999905 0.013746
vn 0.001195 0.999905 0.013746
vn -0.004350 0.999652 0.026002
vn 0.006730 0.999905 0.012040
vn 0.021415 0.000000 0.999771
vn 0.043895 -0.005661 0.999020
vn 0.005086 -0.006582 0.999965
vn 0.005086 -0.006582 0.999965
vn 0.043895 -0.005661 0.999020
vn 0.000215 -0.022815 0.999740
vn 0.013761 -0.999257 0.036009
vn 0.040477 -0.998953 0.021319
vn -0.000578 -0.999828 0.018547
vn -0.000578 -0.999828 0.018547
vn 0.040477 -0.998953 0.021319
vn 0.012624 -0.999801 0.015457
vn -0.001434 0.002548 0.999996
vn -0.001287 0.002541 0.999996
vn -0.000068 0.009492 0.999955
vn -0.000068 0.009492 0.999955
vn -0.001287 0.002541 0.999996
vn -0.000119 0.009549 0.999954
vn 0.005426 0.032394 -0.999461
vn 0.001118 0.050742 -0.998711
vn 0.004668 0.032573 -0.999458
vn 0.004668 0.032573 -0.999458
vn 0.001118 0.050742 -0.998711
vn 0.001617 0.051059 -0.998694
vn -0.001434 0.002548 0.999996
vn -0.000115 -0.005238 0.999986
vn -0.001287 0.002541 0.999996
vn -0.001287 0.002541 0.999996
vn -0.000115 -0.005238 0.999986
vn -0.000336 -0.005288 0.999986
vn 0.000439 0.029931 -0.999552
vn 0.005426 0.032394 -0.999461
vn -0.001144 0.029977 -0.999550
vn -0.001144 0.029977 -0.999550
vn 0.005426 0.032394 -0.999461
vn 0.004668 0.032573 -0.999458
vn 0.046422 -0.008703 0.998884
vn 0.046418 -0.008589 0.998885
vn -0.000115 -0.005238 0.999986
vn -0.000115 -0.005238 0.999986
vn 0.046418 -0.008589 0.998885
vn -0.000336 -0.005288 0.999986
vn 0.811295 0.584291 0.020117
vn 0.998946 0.001086 0.045895
vn 0.830921 0.555901 0.023350
vn 0.830921 0.555901 0.023350
vn 0.998946 0.001086 0.045895
vn 0.788647 -0.612099 0.058053
vn 0.998866 -0.011134 0.046292
vn 0.788647 -0.612099 0.058053
vn 0.998946 0.001086 0.045895
vn 0.747368 -0.659286 -0.082367
vn 0.747500 -0.659192 -0.081912
vn 0.999509 0.004149 -0.031068
vn 0.747500 -0.659192 -0.081912
vn 0.818811 -0.568816 -0.077437
vn 0.999509 0.004149 -0.031068
vn 0.818811 -0.568816 -0.077437
vn 0.999322 0.022122 -0.029430
vn 0.999509 0.004149 -0.031068
vn 0.000439 0.029931 -0.999552
vn -0.001144 0.029977 -0.999550
vn -0.061126 0.033086 -0.997582
vn -0.061126 0.033086 -0.997582
vn -0.001144 0.029977 -0.999550
vn -0.061136 0.033220 -0.997576
vn 0.001118 0.050742 -0.998711
vn 0.031513 0.061472 -0.997611
vn 0.001617 0.051059 -0.998694
vn 0.001617 0.051059 -0.998694
vn 0.031513 0.061472 -0.997611
vn 0.031509 0.061776 -0.997593
vn -0.999415 0.016868 -0.029744
vn -0.756847 -0.648278 -0.083173
vn -0.999502 -0.001788 -0.031493
vn -0.999502 -0.001788 -0.031493
vn -0.756847 -0.648278 -0.083173
vn -0.752692 -0.653030 -0.083702
vn -0.729375 -0.683487 0.029278
vn -0.729064 -0.683824 0.029174
vn -0.999554 -0.025967 -0.014753
vn -0.729064 -0.683824 0.029174
vn -0.786844 -0.616666 0.024490
vn -0.999554 -0.025967 -0.014753
vn -0.786844 -0.616666 0.024490
vn -0.999846 -0.007470 -0.015879
vn -0.999554 -0.025967 -0.014753
vn -0.030648 0.011427 0.999465
vn -0.000068 0.009492 0.999955
vn -0.030650 0.011377 0.999465
vn -0.030650 0.011377 0.999465
vn -0.000068 0.009492 0.999955
vn -0.000119 0.009549 0.999954
vn 0.005110 -0.707097 -0.707098
vn -0.000712 -0.707105 -0.707108
vn -0.015538 -0.999712 -0.018295
vn -0.015538 -0.999712 -0.018295
vn -0.000712 -0.707105 -0.707108
vn 0.000018 -0.999857 -0.016905
vn -0.015538 -0.999712 -0.018295
vn -0.008148 -0.999295 -0.036637
vn 0.005110 -0.707097 -0.707098
vn 0.005110 -0.707097 -0.707098
vn -0.008148 -0.999295 -0.036637
vn -0.012108 -0.707057 -0.707052
vn -0.012108 -0.707057 -0.707052
vn -0.008148 -0.999295 -0.036637
vn -0.009339 -0.707068 -0.707084
vn -0.009339 -0.707068 -0.707084
vn -0.008148 -0.999295 -0.036637
vn -0.028825 -0.998663 -0.042922
vn 0.017887 0.707421 -0.706566
vn 0.002611 0.999564 -0.029417
vn 0.006224 0.707845 -0.706341
vn 0.006224 0.707845 -0.706341
vn 0.002611 0.999564 -0.029417
vn 0.012404 0.999690 -0.021609
vn 0.002611 0.999564 -0.029417
vn 0.017887 0.707421 -0.706566
vn -0.008055 0.999214 -0.038804
vn -0.008055 0.999214 -0.038804
vn 0.017887 0.707421 -0.706566
vn -0.025388 0.701443 -0.712273
vn -0.025388 0.701443 -0.712273
vn -0.075316 0.635043 -0.768797
vn -0.008055 0.999214 -0.038804
vn -0.008055 0.999214 -0.038804
vn -0.075316 0.635043 -0.768797
vn -0.053127 0.997431 -0.048050
vn 0.016111 0.999277 0.034450
vn 0.000129 0.697965 0.716132
vn 0.014449 0.999516 0.027540
vn 0.014449 0.999516 0.027540
vn 0.000129 0.697965 0.716132
vn 0.007794 0.698052 0.716005
vn 0.016111 0.999277 0.034450
vn -0.005003 0.997050 0.076596
vn 0.000129 0.697965 0.716132
vn 0.000129 0.697965 0.716132
vn -0.005003 0.997050 0.076596
vn 0.005772 0.687776 0.725900
vn 0.005772 0.687776 0.725900
vn -0.005003 0.997050 0.076596
vn 0.001884 0.661941 0.749554
vn 0.001884 0.661941 0.749554
vn -0.005003 0.997050 0.076596
vn 0.001316 0.996699 0.081179
vn 0.009943 -0.707071 0.707072
vn 0.000249 -0.999838 0.018018
vn -0.013532 -0.707046 0.707038
vn -0.013532 -0.707046 0.707038
vn 0.000249 -0.999838 0.018018
vn -0.000332 -0.999838 0.017978
vn 0.000249 -0.999838 0.018018
vn 0.009943 -0.707071 0.707072
vn -0.000010 -0.999825 0.018709
vn -0.000010 -0.999825 0.018709
vn 0.009943 -0.707071 0.707072
vn -0.000164 -0.707106 0.707108
vn -0.000164 -0.707106 0.707108
vn -0.047657 -0.706465 0.706141
vn -0.000010 -0.999825 0.018709
vn -0.000010 -0.999825 0.018709
vn -0.047657 -0.706465 0.706141
vn -0.033788 -0.999308 0.015536
vn -0.038905 -0.999165 -0.012480
vn -0.033788 -0.999308 0.015536
vn -0.706985 -0.706957 -0.019594
vn -0.706985 -0.706957 -0.019594
vn -0.033788 -0.999308 0.015536
vn -0.707406 -0.706696 -0.012512
vn -0.038905 -0.999165 -0.012480
vn -0.706985 -0.706957 -0.019594
vn -0.028825 -0.998663 -0.042922
vn -0.028825 -0.998663 -0.042922
vn -0.706985 -0.706957 -0.019594
vn -0.706939 -0.706798 -0.025964
vn -0.999930 -0.011397 0.003124
vn -0.706583 -0.015059 0.707470
vn -0.999675 0.000214 0.025485
vn -0.999675 0.000214 0.025485
vn -0.706583 -0.015059 0.707470
vn -0.659143 -0.014800 0.751872
vn -0.363462 0.931533 -0.011936
vn -0.368721 0.929471 -0.011355
vn -0.703065 0.710497 -0.029892
vn -0.703065 0.710497 -0.029892
vn -0.368721 0.929471 -0.011355
vn -0.621419 0.782946 -0.028884
vn -0.621419 0.782946 -0.028884
vn -0.426797 0.903445 -0.040389
vn -0.703065 0.710497 -0.029892
vn -0.703065 0.710497 -0.029892
vn -0.426797 0.903445 -0.040389
vn -0.454011 0.889982 -0.042494
vn -0.020711 -0.707115 0.706795
vn -0.013532 -0.707046 0.707038
vn 0.041596 -0.998957 0.018826
vn 0.041596 -0.998957 0.018826
vn -0.013532 -0.707046 0.707038
vn -0.000332 -0.999838 0.017978
vn 0.707402 -0.706760 0.008527
vn 0.041596 -0.998957 0.018826
vn 0.706597 -0.707351 -0.019391
vn 0.706597 -0.707351 -0.019391
vn 0.041596 -0.998957 0.018826
vn 0.044275 -0.999019 -0.001216
vn 0.999839 0.000483 0.017945
vn 0.999689 0.000231 0.024926
vn 0.706802 -0.000194 0.707411
vn 0.706802 -0.000194 0.707411
vn 0.999689 0.000231 0.024926
vn 0.670570 0.000762 0.741846
vn 0.706597 -0.707351 -0.019391
vn 0.044275 -0.999019 -0.001216
vn 0.706248 -0.706429 -0.046608
vn 0.706248 -0.706429 -0.046608
vn 0.044275 -0.999019 -0.001216
vn 0.045137 -0.998745 -0.021716
vn 0.618593 0.785711 0.000748
vn 0.703693 0.710504 0.000743
vn 0.340378 0.940240 -0.009573
vn 0.340378 0.940240 -0.009573
vn 0.703693 0.710504 0.000743
vn 0.367202 0.930093 -0.009416
vn 0.618593 0.785711 0.000748
vn 0.457032 0.889355 0.012999
vn 0.703693 0.710504 0.000743
vn 0.703693 0.710504 0.000743
vn 0.457032 0.889355 0.012999
vn 0.477769 0.878388 0.013094
vn 0.054124 0.995575 0.076818
vn 0.014449 0.999516 0.027540
vn 0.033745 0.640687 0.767061
vn 0.033745 0.640687 0.767061
vn 0.014449 0.999516 0.027540
vn 0.007794 0.698052 0.716005
vn -0.999479 0.023291 -0.022326
vn -0.998130 -0.001093 -0.061114
vn -0.706455 0.032156 -0.707027
vn -0.706455 0.032156 -0.707027
vn -0.998130 -0.001093 -0.061114
vn -0.684030 0.032771 -0.728718
vn -0.055591 -0.705948 -0.706079
vn 0.045137 -0.998745 -0.021716
vn -0.000712 -0.707105 -0.707108
vn -0.000712 -0.707105 -0.707108
vn 0.045137 -0.998745 -0.021716
vn 0.000018 -0.999857 -0.016905
vn 0.998547 -0.018056 -0.050777
vn 0.706035 -0.030645 -0.707513
vn 0.998810 -0.042366 -0.024169
vn 0.998810 -0.042366 -0.024169
vn 0.706035 -0.030645 -0.707513
vn 0.650554 -0.026833 -0.758985
vn -0.040955 0.675903 -0.735852
vn 0.006224 0.707845 -0.706341
vn 0.053806 0.997753 -0.039930
vn 0.053806 0.997753 -0.039930
vn 0.006224 0.707845 -0.706341
vn 0.012404 0.999690 -0.021609
vn 0.023891 -0.000003 -0.999715
vn -0.005076 0.006578 -0.999965
vn 0.024809 0.000748 -0.999692
vn 0.024809 0.000748 -0.999692
vn -0.005076 0.006578 -0.999965
vn -0.021349 -0.000000 -0.999772
vn -0.000027 -0.000767 1.000000
vn 0.018967 -0.000305 0.999820
vn 0.008323 -0.006380 0.999945
vn 0.008323 -0.006380 0.999945
vn 0.018967 -0.000305 0.999820
vn 0.004609 -0.006192 0.999970
vn -0.003561 -0.999987 -0.003738
vn 0.000249 -0.999838 0.018018
vn -0.001186 -0.999906 -0.013675
vn -0.001186 -0.999906 -0.013675
vn 0.000249 -0.999838 0.018018
vn -0.000010 -0.999825 0.018709
vn -0.999591 -0.007624 -0.027565
vn -0.999930 -0.011397 0.003124
vn -0.999290 -0.013615 -0.035137
vn -0.999290 -0.013615 -0.035137
vn -0.999930 -0.011397 0.003124
vn -0.999675 0.000214 0.025485
vn 0.999839 0.000483 0.017945
vn 0.999644 -0.000588 -0.026696
vn 0.999689 0.000231 0.024926
vn 0.999689 0.000231 0.024926
vn 0.999644 -0.000588 -0.026696
vn 0.999863 -0.012290 -0.011081
vn -0.999479 0.023291 -0.022326
vn -0.999591 -0.007624 -0.027565
vn -0.998130 -0.001093 -0.061114
vn -0.998130 -0.001093 -0.061114
vn -0.999591 -0.007624 -0.027565
vn -0.999290 -0.013615 -0.035137
vn -0.015538 -0.999712 -0.018295
vn -0.003561 -0.999987 -0.003738
vn -0.008148 -0.999295 -0.036637
vn -0.008148 -0.999295 -0.036637
vn -0.003561 -0.999987 -0.003738
vn -0.001186 -0.999906 -0.013675
vn 0.999644 -0.000588 -0.026696
vn 0.998547 -0.018056 -0.050777
vn 0.999863 -0.012290 -0.011081
vn 0.999863 -0.012290 -0.011081
vn 0.998547 -0.018056 -0.050777
vn 0.998810 -0.042366 -0.024169
vn 0.007295 0.999958 -0.005475
vn 0.002611 0.999564 -0.029417
vn 0.004539 0.999902 -0.013265
vn 0.004539 0.999902 -0.013265
vn 0.002611 0.999564 -0.029417
vn -0.008055 0.999214 -0.038804
vn -0.005003 0.997050 0.076596
vn 0.016111 0.999277 0.034450
vn 0.018454 0.999015 0.040347
vn 0.018454 0.999015 0.040347
vn 0.016111 0.999277 0.034450
vn 0.035475 0.999310 0.011014
vn 0.007558 0.999965 0.003612
vn 0.012404 0.999690 -0.021609
vn 0.007295 0.999958 -0.005475
vn 0.007295 0.999958 -0.005475
vn 0.012404 0.999690 -0.021609
vn 0.002611 0.999564 -0.029417
vn 0.001169 0.002312 -0.999997
vn 0.000830 0.001894 -0.999998
vn 0.024809 0.000748 -0.999692
vn 0.024809 0.000748 -0.999692
vn 0.000830 0.001894 -0.999998
vn 0.023891 -0.000003 -0.999715
vn 0.000000 -1.000000 0.000000
vn -0.003561 -0.999987 -0.003738
vn 0.000018 -0.999857 -0.016905
vn 0.000018 -0.999857 -0.016905
vn -0.003561 -0.999987 -0.003738
vn -0.015538 -0.999712 -0.018295
vn -0.000332 -0.999838 0.017978
vn 0.000249 -0.999838 0.018018
vn 0.000000 -1.000000 0.000000
vn 0.000000 -1.000000 0.000000
vn 0.000249 -0.999838 0.018018
vn -0.003561 -0.999987 -0.003738
vn -0.015155 -0.014566 0.999779
vn -0.012136 -0.011163 0.999864
vn 0.008323 -0.006380 0.999945
vn 0.008323 -0.006380 0.999945
vn -0.012136 -0.011163 0.999864
vn -0.000027 -0.000767 1.000000
vn 0.035475 0.999310 0.011014
vn 0.016111 0.999277 0.034450
vn -0.019896 0.999801 -0.001440
vn -0.019896 0.999801 -0.001440
vn 0.016111 0.999277 0.034450
vn 0.014449 0.999516 0.027540
vn 0.053806 0.997753 -0.039930
vn 0.012404 0.999690 -0.021609
vn 0.031036 0.999518 0.000437
vn 0.031036 0.999518 0.000437
vn 0.012404 0.999690 -0.021609
vn 0.007558 0.999965 0.003612
vn -0.115636 0.004952 -0.993279
vn 0.000830 0.001894 -0.999998
vn -0.108764 0.002708 -0.994064
vn -0.108764 0.002708 -0.994064
vn 0.000830 0.001894 -0.999998
vn 0.001169 0.002312 -0.999997
vn 0.000000 -1.000000 0.000000
vn 0.000018 -0.999857 -0.016905
vn 0.044275 -0.999019 -0.001216
vn 0.044275 -0.999019 -0.001216
vn 0.000018 -0.999857 -0.016905
vn 0.045137 -0.998745 -0.021716
vn 0.041596 -0.998957 0.018826
vn -0.000332 -0.999838 0.017978
vn 0.044275 -0.999019 -0.001216
vn 0.044275 -0.999019 -0.001216
vn -0.000332 -0.999838 0.017978
vn 0.000000 -1.000000 0.000000
vn -0.059672 -0.000522 0.998218
vn -0.013370 -0.015473 0.999791
vn -0.015155 -0.014566 0.999779
vn -0.015155 -0.014566 0.999779
vn -0.013370 -0.015473 0.999791
vn -0.012136 -0.011163 0.999864
vn -0.019896 0.999801 -0.001440
vn 0.014449 0.999516 0.027540
vn -0.074900 0.997096 0.013805
vn -0.074900 0.997096 0.013805
vn 0.014449 0.999516 0.027540
vn 0.054124 0.995575 0.076818
vn 0.001316 0.996699 0.081179
vn -0.005003 0.997050 0.076596
vn 0.019007 0.998013 0.060074
vn 0.019007 0.998013 0.060074
vn -0.005003 0.997050 0.076596
vn 0.018454 0.999015 0.040347
vn 0.018967 -0.000305 0.999820
vn -0.011245 -0.005251 0.999923
vn 0.004609 -0.006192 0.999970
vn 0.004609 -0.006192 0.999970
vn -0.011245 -0.005251 0.999923
vn -0.047641 -0.020582 0.998652
vn -0.000010 -0.999825 0.018709
vn -0.033788 -0.999308 0.015536
vn -0.001186 -0.999906 -0.013675
vn -0.001186 -0.999906 -0.013675
vn -0.033788 -0.999308 0.015536
vn -0.038905 -0.999165 -0.012480
vn -0.008148 -0.999295 -0.036637
vn -0.001186 -0.999906 -0.013675
vn -0.028825 -0.998663 -0.042922
vn -0.028825 -0.998663 -0.042922
vn -0.001186 -0.999906 -0.013675
vn -0.038905 -0.999165 -0.012480
vn -0.021349 -0.000000 -0.999772
vn -0.005076 0.006578 -0.999965
vn -0.043615 0.005639 -0.999032
vn -0.043615 0.005639 -0.999032
vn -0.005076 0.006578 -0.999965
vn -0.000212 0.022688 -0.999743
vn 0.004539 0.999902 -0.013265
vn -0.008055 0.999214 -0.038804
vn -0.025424 0.999454 -0.021093
vn -0.025424 0.999454 -0.021093
vn -0.008055 0.999214 -0.038804
vn -0.053127 0.997431 -0.048050
vn -0.368721 0.929471 -0.011355
vn 0.000024 0.999908 -0.013549
vn -0.621419 0.782946 -0.028884
vn 0.000002 1.000000 0.000798
vn -0.717123 0.696820 0.013316
vn 0.618593 0.785711 0.000748
vn 0.618593 0.785711 0.000748
vn -0.717123 0.696820 0.013316
vn 0.457032 0.889355 0.012999
vn 0.000024 0.999908 -0.013549
vn 0.686936 0.726236 0.026478
vn -0.621419 0.782946 -0.028884
vn -0.621419 0.782946 -0.028884
vn 0.686936 0.726236 0.026478
vn -0.426797 0.903445 -0.040389
vn 0.000002 1.000000 0.000798
vn 0.618593 0.785711 0.000748
vn -0.705845 0.708237 -0.013549
vn -0.705845 0.708237 -0.013549
vn 0.618593 0.785711 0.000748
vn 0.340378 0.940240 -0.009573
vn -0.047657 -0.706465 0.706141
vn -0.707406 -0.706696 -0.012512
vn -0.033788 -0.999308 0.015536
vn -0.752692 -0.653030 -0.083702
vn -0.756847 -0.648278 -0.083173
vn -0.744850 -0.667222 -0.003732
vn 0.041596 -0.998957 0.018826
vn 0.707402 -0.706760 0.008527
vn -0.020711 -0.707115 0.706795
vn 0.747368 -0.659286 -0.082367
vn 0.740380 -0.672155 0.006645
vn 0.747500 -0.659192 -0.081912
vn -0.028825 -0.998663 -0.042922
vn -0.706939 -0.706798 -0.025964
vn -0.009339 -0.707068 -0.707084
vn -0.426797 0.903445 -0.040389
vn -0.475570 0.870385 0.127530
vn -0.454011 0.889982 -0.042494
vn -0.055591 -0.705948 -0.706079
vn 0.706248 -0.706429 -0.046608
vn 0.045137 -0.998745 -0.021716
vn 0.811295 0.584291 0.020117
vn 0.830921 0.555901 0.023350
vn 0.783973 0.591263 0.189195
vn 0.397276 0.900860 0.174997
vn 0.340378 0.940240 -0.009573
vn 0.367202 0.930093 -0.009416
vn 0.457032 0.889355 0.012999
vn 0.498561 0.857403 -0.127664
vn 0.477769 0.878388 0.013094
vn -0.729375 -0.683487 0.029278
vn -0.727887 -0.685636 0.009190
vn -0.729064 -0.683824 0.029174
vn -0.407577 0.891865 -0.196108
vn -0.368721 0.929471 -0.011355
vn -0.363462 0.931533 -0.011936
s off
g cardboard_boxes cardboard_box_b
usemtl phongE1SG
f 118/418/481 117/235/482 100/233/483
f 100/233/484 117/235/485 101/437/486
f 115/425/487 114/239/488 103/237/489
f 103/237/490 114/239/491 104/433/492
f 102/241/493 116/242/494 103/435/495
f 103/435/496 116/242/497 115/238/498
f 88/429/499 90/426/500 92/444/501
f 92/444/502 90/426/503 93/443/504
f 89/247/505 87/454/506 94/440/507
f 94/440/508 87/454/509 91/453/510
f 84/423/511 86/421/512 93/443/513
f 93/443/514 86/421/515 92/444/516
f 101/236/517 117/422/518 102/241/519
f 102/241/520 117/422/521 116/242/522
f 85/455/523 83/442/524 91/453/525
f 91/453/526 83/442/527 94/440/528
f 99/417/529 119/412/530 100/439/531
f 100/439/532 119/412/533 118/234/534
f 105/415/535 104/240/536 113/413/537
f 113/413/538 104/240/539 114/428/540
f 106/416/541 99/417/542 107/438/543
f 107/438/544 99/417/545 100/439/546
f 107/260/547 100/233/548 108/436/549
f 108/436/550 100/233/551 101/437/552
f 101/236/553 102/241/554 108/261/555
f 108/261/556 102/241/557 109/262/558
f 102/241/559 103/435/560 109/262/561
f 109/262/562 103/435/563 110/434/564
f 110/263/565 103/237/566 111/432/567
f 111/432/568 103/237/569 104/433/570
f 105/415/571 112/414/572 104/240/573
f 104/240/574 112/414/575 111/264/576
f 85/450/577 95/408/578 107/438/579
f 107/438/580 95/408/581 106/416/582
f 83/441/583 85/449/584 108/436/585
f 108/436/586 85/449/587 107/260/588
f 83/254/589 108/261/590 94/250/591
f 94/250/592 108/261/593 109/262/594
f 89/446/595 94/250/596 110/434/597
f 110/434/598 94/250/599 109/262/600
f 89/445/601 110/263/602 87/448/603
f 87/448/604 110/263/605 111/432/606
f 97/405/607 87/447/608 112/414/609
f 112/414/610 87/447/611 111/264/612
f 88/431/613 98/402/614 114/428/615
f 114/428/616 98/402/617 113/413/618
f 115/425/619 90/245/620 114/239/621
f 114/239/622 90/245/623 88/430/624
f 93/246/625 90/427/626 116/242/627
f 116/242/628 90/427/629 115/238/630
f 117/422/631 84/251/632 116/242/633
f 116/242/634 84/251/635 93/246/636
f 118/418/637 86/420/638 117/235/639
f 117/235/640 86/420/641 84/424/642
f 96/399/643 86/419/644 119/412/645
f 119/412/646 86/419/647 118/234/648
f 99/255/649 122/411/650 119/256/651
f 119/256/652 122/411/653 123/398/654
f 105/258/655 113/257/656 125/410/657
f 125/410/658 113/257/659 124/401/660
f 99/255/661 106/259/662 122/411/663
f 122/411/664 106/259/665 126/407/666
f 112/265/667 105/258/668 128/404/669
f 128/404/670 105/258/671 125/410/672
f 95/409/673 129/390/674 106/259/675
f 106/259/676 129/390/677 126/407/678
f 180/382/679 129/276/680 181/464/681
f 181/464/682 129/276/683 85/463/684
f 95/266/685 85/463/686 129/276/687
f 166/385/688 169/281/689 130/395/690
f 169/281/691 87/248/692 130/395/693
f 87/248/694 97/406/695 130/395/696
f 112/265/697 128/404/698 97/267/699
f 97/267/700 128/404/701 130/394/702
f 113/257/703 98/403/704 124/401/705
f 124/401/706 98/403/707 131/396/708
f 98/268/709 88/457/710 131/282/711
f 131/282/712 88/457/713 154/283/714
f 173/389/715 176/286/716 132/393/717
f 176/286/718 86/252/719 132/393/720
f 86/252/721 96/400/722 132/393/723
f 96/269/724 119/256/725 132/392/726
f 132/392/727 119/256/728 123/398/729
f 134/357/730 187/344/731 133/287/732
f 133/287/733 187/344/734 186/290/735
f 133/287/736 136/291/737 134/357/738
f 134/357/739 136/291/740 135/356/741
f 135/356/742 136/291/743 172/345/744
f 172/345/745 136/291/746 170/293/747
f 137/373/748 138/296/749 184/359/750
f 184/359/751 138/296/752 185/297/753
f 138/296/754 137/373/755 139/300/756
f 139/300/757 137/373/758 140/372/759
f 140/372/760 174/388/761 139/300/762
f 139/300/763 174/388/764 173/285/765
f 141/302/766 142/371/767 190/305/768
f 190/305/769 142/371/770 191/363/771
f 141/302/772 144/306/773 142/371/774
f 142/371/775 144/306/776 143/370/777
f 143/370/778 144/306/779 156/387/780
f 156/387/781 144/306/782 154/386/783
f 145/355/784 146/310/785 188/350/786
f 188/350/787 146/310/788 189/311/789
f 146/310/790 145/355/791 147/314/792
f 147/314/793 145/355/794 148/354/795
f 148/354/796 151/352/797 147/314/798
f 147/314/799 151/352/800 153/316/801
f 150/318/802 153/316/803 149/353/804
f 149/353/805 153/316/806 152/351/807
f 150/318/808 149/353/809 170/293/810
f 170/293/811 149/353/812 171/346/813
f 152/319/814 151/380/815 155/368/816
f 155/368/817 151/380/818 156/381/819
f 155/321/820 88/244/821 157/367/822
f 157/367/823 88/244/824 158/322/825
f 158/322/826 176/460/827 157/367/828
f 157/367/829 176/460/830 175/324/831
f 161/348/832 188/350/833 159/325/834
f 159/325/835 188/350/836 189/311/837
f 160/349/838 159/325/839 162/347/840
f 162/347/841 159/325/842 163/328/843
f 160/327/844 168/330/845 161/326/846
f 161/326/847 168/330/848 167/364/849
f 162/347/850 163/328/851 178/342/852
f 178/342/853 163/328/854 179/332/855
f 164/334/856 165/366/857 181/277/858
f 181/277/859 165/366/860 182/360/861
f 164/334/862 169/462/863 165/366/864
f 165/366/865 169/462/866 168/365/867
f 166/280/868 190/305/869 167/384/870
f 167/384/871 190/305/872 191/363/873
f 171/320/874 175/361/875 172/294/876
f 172/294/877 175/361/878 174/362/879
f 177/343/880 179/332/881 187/344/882
f 187/344/883 179/332/884 186/290/885
f 178/333/886 177/374/887 182/336/888
f 182/336/889 177/374/890 183/375/891
f 183/383/892 184/359/893 180/278/894
f 180/278/895 184/359/896 185/297/897
f 134/288/898 135/292/899 137/295/900
f 137/295/901 135/292/902 140/299/903
f 142/303/904 143/307/905 145/309/906
f 145/309/907 143/307/908 148/313/909
f 120/339/910 146/310/911 121/340/912
f 121/340/913 146/310/914 147/314/915
f 149/317/916 152/319/917 157/323/918
f 157/323/919 152/319/920 155/368/921
f 160/327/922 162/329/923 168/330/924
f 168/330/925 162/329/926 165/335/927
f 171/320/928 149/317/929 175/361/930
f 175/361/931 149/317/932 157/323/933
f 133/287/934 120/339/935 136/291/936
f 136/291/937 120/339/938 121/340/939
f 162/329/940 178/333/941 165/335/942
f 165/335/943 178/333/944 182/336/945
f 122/270/946 138/296/947 123/271/948
f 123/271/949 138/296/950 139/300/951
f 144/306/952 141/302/953 124/272/954
f 124/272/955 141/302/956 125/273/957
f 126/274/958 185/297/959 122/270/960
f 122/270/961 185/297/962 138/296/963
f 184/298/964 187/289/965 137/295/966
f 137/295/967 187/289/968 134/288/969
f 127/341/970 120/339/971 186/290/972
f 186/290/973 120/339/974 133/287/975
f 189/311/976 146/310/977 127/341/978
f 127/341/979 146/310/980 120/339/981
f 188/312/982 191/304/983 145/309/984
f 145/309/985 191/304/986 142/303/987
f 125/273/988 141/302/989 128/275/990
f 128/275/991 141/302/992 190/305/993
f 180/278/994 185/297/995 129/391/996
f 129/391/997 185/297/998 126/274/999
f 177/337/1000 187/289/1001 183/358/1002
f 183/358/1003 187/289/1004 184/298/1005
f 127/341/1006 186/290/1007 163/328/1008
f 163/328/1009 186/290/1010 179/332/1011
f 159/325/1012 189/311/1013 163/328/1014
f 163/328/1015 189/311/1016 127/341/1017
f 161/379/1018 167/378/1019 188/312/1020
f 188/312/1021 167/378/1022 191/304/1023
f 128/275/1024 190/305/1025 130/279/1026
f 130/279/1027 190/305/1028 166/280/1029
f 154/386/1030 144/306/1031 131/397/1032
f 131/397/1033 144/306/1034 124/272/1035
f 143/307/1036 156/369/1037 148/313/1038
f 148/313/1039 156/369/1040 151/315/1041
f 147/314/1042 153/316/1043 121/340/1044
f 121/340/1045 153/316/1046 150/318/1047
f 136/291/1048 121/340/1049 170/293/1050
f 170/293/1051 121/340/1052 150/318/1053
f 140/299/1054 135/292/1055 174/376/1056
f 174/376/1057 135/292/1058 172/377/1059
f 123/271/1060 139/300/1061 132/284/1062
f 132/284/1063 139/300/1064 173/285/1065
f 88/244/1066 92/243/1067 158/322/1068
f 91/249/1069 87/461/1070 164/334/1071
f 164/334/1072 87/461/1073 169/462/1074
f 92/243/1075 86/459/1076 158/322/1077
f 158/322/1078 86/459/1079 176/460/1080
f 91/249/1081 164/334/1082 85/253/1083
f 85/253/1084 164/334/1085 181/277/1086
f 151/352/1087 152/351/1088 153/316/1089
f 154/283/1090 88/457/1091 156/308/1092
f 159/325/1093 160/349/1094 161/348/1095
f 166/385/1096 167/452/1097 169/281/1098
f 170/293/1099 171/346/1100 172/345/1101
f 176/460/1102 174/301/1103 175/324/1104
f 177/343/1105 178/342/1106 179/332/1107
f 180/382/1108 181/464/1109 183/338/1110
f 183/451/1111 181/277/1112 182/360/1113
f 169/462/1114 167/331/1115 168/365/1116
f 173/389/1117 174/456/1118 176/286/1119
f 156/458/1120 88/244/1121 155/321/1122
g default
v -122.895905 0.381178 17.142067
v -76.512787 0.787575 17.142067
v -124.022720 0.381178 -17.142067
v -75.977539 0.381178 -16.679457
v -76.428802 0.442819 0.000000
v -123.841095 0.381178 0.000000
v -100.000366 0.381178 17.142067
v -100.000366 0.381178 0.000000
v -100.000366 0.381178 -16.688816
v -116.815903 0.381178 16.403187
v -116.815903 0.381178 0.000000
v -116.815903 0.381178 -16.706320
v -85.586639 0.381178 -17.142067
v -85.586639 0.381178 0.000000
v -85.586639 0.873081 17.142067
v -100.000366 -0.018822 0.000000
v -85.586639 -0.018822 0.000000
v -116.815903 -0.018822 0.000000
v -100.000366 -0.018822 17.226885
v -100.000397 0.296360 17.542067
v -85.586655 0.788263 17.542067
v -85.586639 0.473082 17.226885
v -100.000412 0.296360 -17.088816
v -100.000366 -0.018822 -16.773634
v -85.586639 -0.018822 -17.226885
v -85.586716 0.296360 -17.542067
v -76.028656 0.358000 -0.000000
v -76.344009 0.042817 0.000000
v -75.892899 0.296277 -17.079622
v -75.577805 0.296360 -16.764442
v -75.892670 -0.018823 -16.764359
v -124.107620 -0.018823 -17.226955
v -124.422562 0.296438 -17.226946
v -124.107483 0.296289 -17.542208
v -124.422745 0.296303 0.008485
v -124.107483 -0.018822 0.000000
v -76.428009 0.387573 17.226885
v -76.112885 0.702770 17.226866
v -76.428009 0.702760 17.542063
v -123.162201 0.296386 17.542015
v -123.477417 0.296360 17.226833
v -123.162155 -0.018823 17.226860
v -116.815903 -0.018822 16.488005
v -116.815948 0.296360 16.803186
v -116.815857 0.296360 -17.106319
v -116.815903 -0.018822 -16.791138
v -75.917389 22.226896 -17.532776
v -85.592438 22.235889 -17.542114
v -100.003159 22.481834 -17.105825
v -116.812057 22.239607 -17.522713
v -124.072891 21.811876 -17.551403
v -124.412003 21.579115 -17.243738
v -124.422745 21.864895 0.597627
v -124.384003 21.657528 17.247971
v -124.055298 21.850014 17.538527
v -116.818146 22.248638 16.752428
v -100.002151 22.087177 17.542080
v -85.587097 22.267740 17.542086
v -76.929169 21.806145 17.063244
v -76.588928 21.584572 16.753105
v -75.597641 21.867649 0.000067
v -75.593750 22.024862 -17.243345
v -123.791412 21.950451 17.142067
v -123.841095 22.330208 0.591895
v -124.022720 21.925854 -17.142067
v -116.815903 22.330208 -17.119139
v -100.000366 22.571253 -16.705648
v -85.586639 22.330200 -17.142067
v -75.977539 22.330221 -17.117744
v -76.001282 22.333447 -0.000000
v -76.983093 21.925770 16.667665
v -85.586639 22.356091 17.142067
v -100.000366 22.172729 17.142067
v -116.815903 22.330200 16.352854
v -74.839966 22.432283 -18.102367
v -84.894821 22.235889 -18.390776
v -100.002930 22.481834 -17.933376
v -117.625305 22.239607 -18.370438
v -125.095657 22.351219 -18.310522
v -125.604492 21.864895 0.626773
v -124.886017 22.295238 18.066338
v -117.631607 22.248638 17.563330
v -100.001877 22.087177 18.391193
v -84.889160 22.267740 18.391197
v -75.495926 22.541155 17.726612
v -74.588882 21.727722 0.000296
v -74.887222 14.435124 -23.994890
v -84.973938 14.444118 -24.586704
v -99.998276 14.690063 -23.975164
v -117.522675 14.447835 -24.559509
v -125.092514 14.020104 -24.599728
v -133.480972 14.090344 -18.108778
v -132.268936 13.652185 0.839559
v -133.443130 14.170889 18.118456
v -125.074188 14.218136 24.697496
v -117.528992 14.607222 23.588943
v -99.997223 14.058411 23.772867
v -84.968628 14.128717 23.939413
v -75.942062 14.014372 23.919220
v -67.021255 14.009830 17.598690
v -67.992020 13.092031 0.001965
v -65.818802 14.295109 -18.131456
v -125.092102 23.024353 18.340731
v -125.144318 23.024351 0.633283
v -125.144318 23.024353 -18.340731
v -117.600861 23.024351 -18.316200
v -100.000366 23.024351 -17.873798
v -84.913696 23.024353 -18.340731
v -74.423386 23.191074 -18.314709
v -74.448227 23.191074 -0.000000
v -75.475876 23.191074 17.833160
v -84.913696 23.024353 18.340731
v -100.000366 23.024353 18.340731
v -117.600861 23.024353 17.496338
v -74.887222 14.734355 -24.393885
v -84.973938 14.743349 -24.985697
v -99.998276 14.989294 -24.374157
v -117.522675 14.747066 -24.958502
v -125.092514 14.319336 -24.998720
v -133.667816 14.374939 -18.108778
v -132.552948 14.084774 0.839559
v -133.628571 14.453350 18.118456
v -125.074188 14.587992 24.956741
v -117.528992 14.986617 23.854876
v -99.997223 14.588161 24.144186
v -84.968628 14.500998 24.200363
v -75.942062 14.544123 24.290541
v -66.753738 14.371486 17.598690
v -67.459717 13.709478 0.001966
v -65.358551 14.811775 -18.108366
vt 0.295015 0.402517
vt 0.352048 0.402517
vt 0.031443 0.603497
vt 0.071274 0.603497
vt 0.589710 0.099397
vt 0.589710 0.156995
vt 0.589710 0.032074
vt 0.226840 0.402517
vt 0.117715 0.603497
vt 0.199825 0.402517
vt 0.199825 0.335238
vt 0.137649 0.603497
vt 0.937826 0.608025
vt 0.937826 0.540294
vt 0.388961 0.335238
vt 0.101924 0.141977
vt 0.489120 0.408027
vt 0.421794 0.408027
vt 0.034225 0.141977
vt 0.159491 0.141977
vt 0.546246 0.408027
vt 0.197221 0.141977
vt 0.779898 0.142862
vt 0.482037 0.104539
vt 0.101924 0.007064
vt 0.034225 0.007064
vt 0.482037 0.170950
vt 0.482037 0.047648
vt 0.159491 0.007064
vt 0.482037 0.009122
vt 0.197221 0.007064
vt 0.779898 0.075659
vt 0.197221 0.074492
vt 0.779898 0.009343
vt 0.779898 0.139135
vt 0.006589 0.007064
vt 0.693091 0.766331
vt 0.690641 0.766331
vt 0.006589 0.074492
vt 0.620320 0.766331
vt 0.006589 0.141977
vt 0.551673 0.766331
vt 0.394768 0.408027
vt 0.101924 0.074492
vt 0.159491 0.074492
vt 0.034225 0.074492
vt 0.393318 0.047648
vt 0.393318 0.009122
vt 0.393318 0.104539
vt 0.393318 0.170950
vt 0.693091 0.679781
vt 0.690641 0.679781
vt 0.620320 0.679782
vt 0.394768 0.495174
vt 0.551673 0.679782
vt 0.421794 0.495174
vt 0.489120 0.495174
vt 0.546246 0.495174
vt 0.866228 0.142862
vt 0.866228 0.139135
vt 0.866228 0.075659
vt 0.866228 0.009343
vt 0.099977 0.682159
vt 0.099977 0.745617
vt 0.974840 0.200530
vt 0.974841 0.171036
vt 0.974840 0.102611
vt 0.974841 0.044588
vt 0.043163 0.315317
vt 0.114348 0.315317
vt 0.375749 0.160890
vt 0.375749 0.133010
vt 0.375749 0.084366
vt 0.375749 0.028350
vt 0.946312 0.373320
vt 0.929525 0.278608
vt 0.946312 0.312824
vt 0.946312 0.242229
vt 0.384772 0.477956
vt 0.575030 0.880029
vt 0.727534 0.367944
vt 0.985725 0.448715
vt 0.985725 0.520127
vt 0.985725 0.581027
vt 0.542534 0.399495
vt 0.228148 0.866839
vt 0.442230 0.882619
vt 0.473279 0.882619
vt 0.395964 0.882619
vt 0.342037 0.882619
vt 0.382053 0.485740
vt 0.984350 0.875140
vt 0.984350 0.950974
vt 0.736867 0.352295
vt 0.309183 0.877728
vt 0.309183 0.899749
vt 0.309183 0.827809
vt 0.309183 0.785080
vt 0.689559 0.373888
vt 0.974840 0.887434
vt 0.974840 0.969222
vt 0.920366 0.004930
vt 0.080457 0.913580
vt 0.728983 0.365464
vt 0.386544 0.476274
vt 0.927294 0.176728
vt 0.927294 0.106488
vt 0.927294 0.046118
vt 0.927294 0.276907
vt 0.765175 0.889284
vt 0.968738 0.681742
vt 0.968738 0.718594
vt 0.968738 0.778627
vt 0.968738 0.848698
vt 0.969326 0.004930
vt 0.969326 0.046118
vt 0.969326 0.106488
vt 0.969326 0.176728
vt 0.382053 0.483899
vt 0.004883 0.866148
vt 0.080457 0.866148
vt 0.736867 0.350145
vt 0.927294 0.878966
vt 0.927294 0.848698
vt 0.927294 0.778627
vt 0.927294 0.718594
vt 0.689559 0.375944
vt 0.694314 0.841025
vt 0.765175 0.841025
vt 0.917784 0.004930
vt 0.352048 0.335238
vt 0.937826 0.675799
vt 0.352048 0.470330
vt 0.388961 0.470330
vt 0.226840 0.470330
vt 0.295015 0.470330
vt 0.226840 0.335238
vt 0.295015 0.335238
vt 0.474024 0.874086
vt 0.589710 0.004930
vt 0.388961 0.402517
vt 0.199825 0.470330
vt 0.851218 0.675799
vt 0.004883 0.476263
vt 0.404277 0.787125
vt 0.541367 0.787125
vt 0.004883 0.603497
vt 0.404277 0.874086
vt 0.589710 0.192331
vt 0.382915 0.028350
vt 0.106447 0.750218
vt 0.382915 0.004930
vt 0.382915 0.084366
vt 0.382915 0.133010
vt 0.382915 0.160890
vt 0.181213 0.322620
vt 0.114348 0.322620
vt 0.038166 0.322620
vt 0.980349 0.004930
vt 0.980349 0.044588
vt 0.980349 0.102611
vt 0.980349 0.171036
vt 0.980349 0.200530
vt 0.106447 0.609410
vt 0.106447 0.682159
vt 0.675944 0.032074
vt 0.375749 0.004930
vt 0.675944 0.099397
vt 0.675944 0.156995
vt 0.675944 0.192331
vt 0.181212 0.315317
vt 0.851218 0.608025
vt 0.851218 0.540294
vt 0.974841 0.004930
vt 0.031443 0.476263
vt 0.071274 0.476263
vt 0.117715 0.476263
vt 0.137649 0.476263
vt 0.099977 0.613970
vt 0.694314 0.889284
vt 0.544329 0.397643
vt 0.735498 0.375944
vt 0.312197 0.759413
vt 0.927294 0.681742
vt 0.689559 0.350144
vt 0.150710 0.913580
vt 0.968738 0.878966
vt 0.312197 0.899749
vt 0.689559 0.365464
vt 0.986061 0.805953
vt 0.150710 0.866148
vt 0.337711 0.483899
vt 0.927294 0.206940
vt 0.004883 0.913580
vt 0.986061 0.950974
vt 0.337711 0.476274
vt 0.318693 0.880029
vt 0.969326 0.206940
vt 0.917784 0.064012
vt 0.838310 0.889284
vt 0.927294 0.004930
vt 0.473279 0.880029
vt 0.927294 0.322769
vt 0.977270 0.805953
vt 0.838310 0.841025
vt 0.977270 0.969222
vt 0.494616 0.397643
vt 0.977270 0.887434
vt 0.300434 0.912717
vt 0.974840 0.805953
vt 0.157033 0.912717
vt 0.494616 0.399495
vt 0.312197 0.785080
vt 0.946312 0.616850
vt 0.309183 0.759413
vt 0.157033 0.866839
vt 0.733558 0.373888
vt 0.312197 0.827809
vt 0.312197 0.877728
vt 0.946312 0.419746
vt 0.689559 0.367944
vt 0.986061 0.875140
vt 0.644629 0.924718
vt 0.984350 0.805953
vt 0.985725 0.419746
vt 0.690981 0.352295
vt 0.499371 0.924718
vt 0.337711 0.477956
vt 0.342037 0.880029
vt 0.986092 0.212883
vt 0.318693 0.882619
vt 0.499371 0.880029
vt 0.339807 0.485740
vt 0.395964 0.880029
vt 0.442230 0.880029
vt 0.986092 0.413802
vt 0.929525 0.322769
vt 0.946312 0.413802
vt 0.920366 0.064012
vt 0.228148 0.912717
vt 0.946312 0.581027
vt 0.946312 0.520127
vt 0.946312 0.448715
vt 0.575030 0.924718
vt 0.986092 0.242229
vt 0.986092 0.312824
vt 0.986092 0.373320
vt 0.004883 0.141977
vt 0.006589 0.144155
vt 0.034225 0.144155
vt 0.197221 0.144155
vt 0.198973 0.141977
vt 0.004883 0.074492
vt 0.006589 0.004930
vt 0.004883 0.007064
vt 0.034225 0.004931
vt 0.198973 0.007064
vt 0.197221 0.004931
vt 0.198973 0.074492
vt 0.159491 0.004931
vt 0.101924 0.004931
vt 0.159491 0.144155
vt 0.101924 0.144155
vt 0.870940 0.075659
vt 0.390013 0.004883
vt 0.300434 0.866839
vt 0.870940 0.142862
vt 0.985725 0.616850
vt 0.546246 0.498878
vt 0.489120 0.498878
vt 0.421794 0.498878
vt 0.394768 0.498878
vt 0.644629 0.880029
vt 0.620320 0.676318
vt 0.693091 0.676318
vt 0.946312 0.212883
vt 0.390013 0.173638
vt 0.390013 0.104539
vt 0.390013 0.045142
vt 0.581053 0.495174
vt 0.581053 0.498878
vt 0.551673 0.679782
vt 0.551673 0.676318
vt 0.393318 0.200003
vt 0.390013 0.202901
vt 0.866228 0.004930
vt 0.870940 0.004930
vt 0.581053 0.408027
vt 0.482037 0.200003
vt 0.551673 0.766331
vt 0.779898 0.004930
vt 0.474024 0.787125
vt 0.675944 0.004930
vt 0.541367 0.874086
vn -0.003574 0.999987 -0.003746
vn -0.001195 0.999905 -0.013746
vn 0.000000 1.000000 0.000000
vn 0.000000 1.000000 0.000000
vn -0.001195 0.999905 -0.013746
vn 0.000000 1.000000 0.000000
vn -0.015990 0.999872 0.000000
vn -0.007978 0.999789 -0.018921
vn -0.003574 0.999987 -0.003746
vn -0.003574 0.999987 -0.003746
vn -0.007978 0.999789 -0.018921
vn -0.001195 0.999905 -0.013746
vn -0.015990 0.999872 0.000000
vn -0.003574 0.999987 -0.003746
vn 0.000000 1.000000 0.000000
vn 0.000000 1.000000 0.000000
vn -0.003574 0.999987 -0.003746
vn 0.000000 1.000000 0.000000
vn -0.003574 0.999987 -0.003746
vn 0.000000 1.000000 0.000000
vn 0.000000 1.000000 0.000000
vn 0.000000 1.000000 0.000000
vn 0.000000 1.000000 0.000000
vn 0.000000 1.000000 0.000000
vn 0.000000 1.000000 0.000000
vn 0.000000 1.000000 0.000000
vn 0.000000 1.000000 0.000000
vn 0.000000 1.000000 0.000000
vn 0.000000 1.000000 0.000000
vn 0.000000 1.000000 0.000000
vn 0.000000 1.000000 0.000000
vn 0.000000 1.000000 0.000000
vn 0.000000 1.000000 0.000000
vn 0.000000 1.000000 0.000000
vn 0.000000 1.000000 0.000000
vn 0.000000 1.000000 0.000000
vn -0.006730 0.999905 -0.012040
vn -0.001988 0.999997 -0.001146
vn -0.001195 0.999905 -0.013746
vn -0.001195 0.999905 -0.013746
vn -0.001988 0.999997 -0.001146
vn 0.000000 1.000000 0.000000
vn -0.007978 0.999789 -0.018921
vn 0.004350 0.999652 -0.026002
vn -0.001195 0.999905 -0.013746
vn -0.001195 0.999905 -0.013746
vn 0.004350 0.999652 -0.026002
vn -0.006730 0.999905 -0.012040
vn -0.005110 -0.707098 0.707097
vn 0.000712 -0.707104 0.707110
vn 0.015538 -0.999712 0.018295
vn 0.015538 -0.999712 0.018295
vn 0.000712 -0.707104 0.707110
vn -0.000018 -0.999857 0.016905
vn 0.015538 -0.999712 0.018295
vn 0.008148 -0.999295 0.036637
vn -0.005110 -0.707098 0.707097
vn -0.005110 -0.707098 0.707097
vn 0.008148 -0.999295 0.036637
vn 0.012108 -0.707055 0.707055
vn 0.012108 -0.707055 0.707055
vn 0.008148 -0.999295 0.036637
vn 0.009340 -0.707065 0.707087
vn 0.009340 -0.707065 0.707087
vn 0.008148 -0.999295 0.036637
vn 0.028824 -0.998663 0.042923
vn -0.009943 -0.707071 -0.707072
vn -0.000249 -0.999838 -0.018018
vn 0.013532 -0.707044 -0.707040
vn 0.013532 -0.707044 -0.707040
vn -0.000249 -0.999838 -0.018018
vn 0.000332 -0.999838 -0.017978
vn -0.000249 -0.999838 -0.018018
vn -0.009943 -0.707071 -0.707072
vn 0.000010 -0.999825 -0.018709
vn 0.000010 -0.999825 -0.018709
vn -0.009943 -0.707071 -0.707072
vn 0.000164 -0.707107 -0.707107
vn 0.000164 -0.707107 -0.707107
vn 0.047658 -0.706467 -0.706140
vn 0.000010 -0.999825 -0.018709
vn 0.000010 -0.999825 -0.018709
vn 0.047658 -0.706467 -0.706140
vn 0.033788 -0.999308 -0.015536
vn 0.038904 -0.999165 0.012480
vn 0.033788 -0.999308 -0.015536
vn 0.706771 -0.707171 0.019589
vn 0.706771 -0.707171 0.019589
vn 0.033788 -0.999308 -0.015536
vn 0.707389 -0.706714 0.012505
vn 0.038904 -0.999165 0.012480
vn 0.706771 -0.707171 0.019589
vn 0.028824 -0.998663 0.042923
vn 0.028824 -0.998663 0.042923
vn 0.706771 -0.707171 0.019589
vn 0.706937 -0.706800 0.025963
vn 0.020710 -0.707119 -0.706792
vn 0.013532 -0.707044 -0.707040
vn -0.041596 -0.998957 -0.018826
vn -0.041596 -0.998957 -0.018826
vn 0.013532 -0.707044 -0.707040
vn 0.000332 -0.999838 -0.017978
vn -0.707435 -0.706727 -0.008528
vn -0.041596 -0.998957 -0.018826
vn -0.706573 -0.707375 0.019390
vn -0.706573 -0.707375 0.019390
vn -0.041596 -0.998957 -0.018826
vn -0.044275 -0.999019 0.001216
vn -0.706573 -0.707375 0.019390
vn -0.044275 -0.999019 0.001216
vn -0.706248 -0.706429 0.046609
vn -0.706248 -0.706429 0.046609
vn -0.044275 -0.999019 0.001216
vn -0.045137 -0.998745 0.021716
vn 0.055590 -0.705950 0.706077
vn -0.045137 -0.998745 0.021716
vn 0.000712 -0.707104 0.707110
vn 0.000712 -0.707104 0.707110
vn -0.045137 -0.998745 0.021716
vn -0.000018 -0.999857 0.016905
vn 0.003562 -0.999987 0.003738
vn -0.000249 -0.999838 -0.018018
vn 0.001186 -0.999906 0.013675
vn 0.001186 -0.999906 0.013675
vn -0.000249 -0.999838 -0.018018
vn 0.000010 -0.999825 -0.018709
vn 0.015538 -0.999712 0.018295
vn 0.003562 -0.999987 0.003738
vn 0.008148 -0.999295 0.036637
vn 0.008148 -0.999295 0.036637
vn 0.003562 -0.999987 0.003738
vn 0.001186 -0.999906 0.013675
vn 0.000000 -1.000000 0.000000
vn 0.003562 -0.999987 0.003738
vn -0.000018 -0.999857 0.016905
vn -0.000018 -0.999857 0.016905
vn 0.003562 -0.999987 0.003738
vn 0.015538 -0.999712 0.018295
vn 0.000332 -0.999838 -0.017978
vn -0.000249 -0.999838 -0.018018
vn 0.000000 -1.000000 0.000000
vn 0.000000 -1.000000 0.000000
vn -0.000249 -0.999838 -0.018018
vn 0.003562 -0.999987 0.003738
vn 0.000000 -1.000000 0.000000
vn -0.000018 -0.999857 0.016905
vn -0.044275 -0.999019 0.001216
vn -0.044275 -0.999019 0.001216
vn -0.000018 -0.999857 0.016905
vn -0.045137 -0.998745 0.021716
vn -0.041596 -0.998957 -0.018826
vn 0.000332 -0.999838 -0.017978
vn -0.044275 -0.999019 0.001216
vn -0.044275 -0.999019 0.001216
vn 0.000332 -0.999838 -0.017978
vn 0.000000 -1.000000 0.000000
vn 0.000010 -0.999825 -0.018709
vn 0.033788 -0.999308 -0.015536
vn 0.001186 -0.999906 0.013675
vn 0.001186 -0.999906 0.013675
vn 0.033788 -0.999308 -0.015536
vn 0.038904 -0.999165 0.012480
vn 0.008148 -0.999295 0.036637
vn 0.001186 -0.999906 0.013675
vn 0.028824 -0.998663 0.042923
vn 0.028824 -0.998663 0.042923
vn 0.001186 -0.999906 0.013675
vn 0.038904 -0.999165 0.012480
vn 0.047658 -0.706467 -0.706140
vn 0.707389 -0.706714 0.012505
vn 0.033788 -0.999308 -0.015536
vn -0.041596 -0.998957 -0.018826
vn -0.707435 -0.706727 -0.008528
vn 0.020710 -0.707119 -0.706792
vn 0.028824 -0.998663 0.042923
vn 0.706937 -0.706800 0.025963
vn 0.009340 -0.707065 0.707087
vn 0.055590 -0.705950 0.706077
vn -0.706248 -0.706429 0.046609
vn -0.045137 -0.998745 0.021716
vn -0.018677 -0.042963 -0.998902
vn 0.014437 -0.052846 -0.998498
vn -0.004585 -0.006104 -0.999971
vn -0.004585 -0.006104 -0.999971
vn 0.014437 -0.052846 -0.998498
vn 0.047641 -0.020582 -0.998652
vn -0.000599 -0.037761 -0.999287
vn -0.018677 -0.042963 -0.998902
vn -0.008388 -0.006248 -0.999945
vn -0.008388 -0.006248 -0.999945
vn -0.018677 -0.042963 -0.998902
vn -0.004585 -0.006104 -0.999971
vn 0.015167 -0.014613 -0.999778
vn 0.013065 -0.058593 -0.998196
vn -0.008388 -0.006248 -0.999945
vn -0.008388 -0.006248 -0.999945
vn 0.013065 -0.058593 -0.998196
vn -0.000599 -0.037761 -0.999287
vn 0.059673 -0.000523 -0.998218
vn 0.014540 -0.066001 -0.997714
vn 0.015167 -0.014613 -0.999778
vn 0.015167 -0.014613 -0.999778
vn 0.014540 -0.066001 -0.997714
vn 0.013065 -0.058593 -0.998196
vn -0.999839 0.000482 -0.017945
vn -0.998319 -0.051426 -0.026730
vn -0.706826 -0.000192 -0.707388
vn -0.706826 -0.000192 -0.707388
vn -0.998319 -0.051426 -0.026730
vn -0.639406 -0.079334 -0.764766
vn -0.999839 0.000482 -0.017945
vn -0.999643 -0.000591 0.026699
vn -0.998319 -0.051426 -0.026730
vn -0.998319 -0.051426 -0.026730
vn -0.999643 -0.000591 0.026699
vn -0.997675 -0.067024 0.012310
vn -0.998525 -0.018645 0.051001
vn -0.706033 -0.030644 0.707515
vn -0.996437 -0.079426 0.028370
vn -0.996437 -0.079426 0.028370
vn -0.706033 -0.030644 0.707515
vn -0.633906 -0.078869 0.769378
vn 0.115637 0.004952 0.993279
vn -0.000821 0.001912 0.999998
vn 0.107757 -0.031847 0.993667
vn 0.107757 -0.031847 0.993667
vn -0.000821 0.001912 0.999998
vn -0.001224 -0.044277 0.999019
vn -0.001224 -0.044277 0.999019
vn -0.000821 0.001912 0.999998
vn -0.024691 -0.038620 0.998949
vn -0.024691 -0.038620 0.998949
vn -0.000821 0.001912 0.999998
vn -0.023891 -0.000003 0.999715
vn 0.020355 -0.047232 0.998677
vn -0.024691 -0.038620 0.998949
vn 0.005066 0.006487 0.999966
vn 0.005066 0.006487 0.999966
vn -0.024691 -0.038620 0.998949
vn -0.023891 -0.000003 0.999715
vn 0.020355 -0.047232 0.998677
vn 0.005066 0.006487 0.999966
vn 0.043761 -0.049525 0.997814
vn 0.043761 -0.049525 0.997814
vn 0.005066 0.006487 0.999966
vn 0.000212 0.022688 0.999743
vn 0.999479 0.023292 0.022324
vn 0.995590 -0.070053 0.062388
vn 0.706505 0.032155 0.706977
vn 0.706505 0.032155 0.706977
vn 0.995590 -0.070053 0.062388
vn 0.653890 -0.052386 0.754774
vn 0.999479 0.023292 0.022324
vn 0.999592 -0.007926 0.027423
vn 0.995590 -0.070053 0.062388
vn 0.995590 -0.070053 0.062388
vn 0.999592 -0.007926 0.027423
vn 0.997500 -0.062044 0.033835
vn 0.999592 -0.007926 0.027423
vn 0.999934 -0.011104 -0.002981
vn 0.997500 -0.062044 0.033835
vn 0.997500 -0.062044 0.033835
vn 0.999934 -0.011104 -0.002981
vn 0.998104 -0.055539 -0.026530
vn 0.999934 -0.011104 -0.002981
vn 0.706578 -0.015059 -0.707475
vn 0.998104 -0.055539 -0.026530
vn 0.998104 -0.055539 -0.026530
vn 0.706578 -0.015059 -0.707475
vn 0.638304 -0.075017 -0.766120
vn 0.999944 0.000000 -0.010595
vn 0.999946 0.000163 -0.010390
vn 0.999946 0.000124 -0.010438
vn 0.999946 0.000124 -0.010438
vn 0.999946 0.000163 -0.010390
vn 0.999948 0.000275 -0.010247
vn -0.011847 0.011235 0.999867
vn -0.015239 0.015123 0.999770
vn -0.015195 0.014387 0.999781
vn -0.015195 0.014387 0.999781
vn -0.015239 0.015123 0.999770
vn -0.060353 0.000000 0.998177
vn -0.015195 0.014387 0.999781
vn 0.008433 0.006188 0.999945
vn -0.011847 0.011235 0.999867
vn -0.011847 0.011235 0.999867
vn 0.008433 0.006188 0.999945
vn 0.000713 0.000759 0.999999
vn -0.000390 0.000000 1.000000
vn 0.012803 0.006118 0.999899
vn 0.008433 0.006188 0.999945
vn 0.008433 0.006188 0.999945
vn 0.012803 0.006118 0.999899
vn 0.000713 0.000759 0.999999
vn -0.000390 0.000000 1.000000
vn -0.036135 0.005243 0.999333
vn 0.012803 0.006118 0.999899
vn 0.012803 0.006118 0.999899
vn -0.036135 0.005243 0.999333
vn -0.002531 0.019964 0.999798
vn -0.999999 -0.000027 -0.001387
vn -0.999809 0.011140 -0.016084
vn -0.999304 0.013622 -0.034723
vn -0.999304 0.013622 -0.034723
vn -0.999809 0.011140 -0.016084
vn -0.999598 0.007651 -0.027314
vn -0.999741 -0.022342 -0.004449
vn -0.999360 0.001934 -0.035726
vn -0.999598 0.007651 -0.027314
vn -0.999598 0.007651 -0.027314
vn -0.999360 0.001934 -0.035726
vn -0.999304 0.013622 -0.034723
vn -0.020296 0.000000 -0.999794
vn -0.041006 -0.005757 -0.999142
vn -0.004997 -0.006400 -0.999967
vn -0.004997 -0.006400 -0.999967
vn -0.041006 -0.005757 -0.999142
vn -0.000211 -0.022442 -0.999748
vn -0.020296 0.000000 -0.999794
vn -0.004997 -0.006400 -0.999967
vn 0.024714 -0.000726 -0.999694
vn 0.024714 -0.000726 -0.999694
vn -0.004997 -0.006400 -0.999967
vn 0.023893 0.000000 -0.999715
vn 0.000981 -0.002293 -0.999997
vn 0.024714 -0.000726 -0.999694
vn 0.000789 -0.001896 -0.999998
vn 0.000789 -0.001896 -0.999998
vn 0.024714 -0.000726 -0.999694
vn 0.023893 0.000000 -0.999715
vn -0.120637 -0.005009 -0.992684
vn -0.113565 -0.002693 -0.993527
vn 0.000789 -0.001896 -0.999998
vn 0.000789 -0.001896 -0.999998
vn -0.113565 -0.002693 -0.993527
vn 0.000981 -0.002293 -0.999997
vn -0.018677 -0.042963 -0.998902
vn -0.006325 -0.999930 -0.010015
vn 0.014437 -0.052846 -0.998498
vn 0.014437 -0.052846 -0.998498
vn -0.006325 -0.999930 -0.010015
vn 0.027080 -0.955618 -0.293361
vn -0.000599 -0.037761 -0.999287
vn -0.000150 -1.000000 -0.000472
vn -0.018677 -0.042963 -0.998902
vn -0.018677 -0.042963 -0.998902
vn -0.000150 -1.000000 -0.000472
vn -0.006325 -0.999930 -0.010015
vn -0.000599 -0.037761 -0.999287
vn 0.013065 -0.058593 -0.998196
vn -0.000150 -1.000000 -0.000472
vn -0.000150 -1.000000 -0.000472
vn 0.013065 -0.058593 -0.998196
vn 0.036577 -0.997680 -0.057423
vn 0.013065 -0.058593 -0.998196
vn 0.014540 -0.066001 -0.997714
vn 0.036577 -0.997680 -0.057423
vn 0.036577 -0.997680 -0.057423
vn 0.014540 -0.066001 -0.997714
vn -0.016859 -0.825666 -0.563908
vn -0.639406 -0.079334 -0.764766
vn -0.998319 -0.051426 -0.026730
vn -0.715030 -0.697538 -0.046618
vn -0.997675 -0.067024 0.012310
vn -0.021430 -0.999769 0.001891
vn -0.998319 -0.051426 -0.026730
vn -0.998319 -0.051426 -0.026730
vn -0.021430 -0.999769 0.001891
vn -0.715030 -0.697538 -0.046618
vn -0.997675 -0.067024 0.012310
vn -0.996437 -0.079426 0.028370
vn -0.021430 -0.999769 0.001891
vn -0.021430 -0.999769 0.001891
vn -0.996437 -0.079426 0.028370
vn -0.746770 -0.662532 0.058190
vn -0.001224 -0.044277 0.999019
vn 0.026746 -0.998891 0.038754
vn 0.107757 -0.031847 0.993667
vn 0.107757 -0.031847 0.993667
vn 0.026746 -0.998891 0.038754
vn 0.042640 -0.729597 0.682546
vn -0.024691 -0.038620 0.998949
vn 0.000787 -1.000000 -0.000341
vn -0.001224 -0.044277 0.999019
vn -0.001224 -0.044277 0.999019
vn 0.000787 -1.000000 -0.000341
vn 0.026746 -0.998891 0.038754
vn -0.024691 -0.038620 0.998949
vn 0.020355 -0.047232 0.998677
vn 0.000787 -1.000000 -0.000341
vn 0.000787 -1.000000 -0.000341
vn 0.020355 -0.047232 0.998677
vn -0.021115 -0.998565 0.049215
vn 0.020355 -0.047232 0.998677
vn 0.043761 -0.049525 0.997814
vn -0.021115 -0.998565 0.049215
vn -0.021115 -0.998565 0.049215
vn 0.043761 -0.049525 0.997814
vn 0.068920 -0.739120 0.670039
vn 0.653890 -0.052386 0.754774
vn 0.995590 -0.070053 0.062388
vn 0.618874 -0.782035 0.073596
vn 0.997500 -0.062044 0.033835
vn -0.099269 -0.994966 -0.013745
vn 0.995590 -0.070053 0.062388
vn 0.995590 -0.070053 0.062388
vn -0.099269 -0.994966 -0.013745
vn 0.618874 -0.782035 0.073596
vn 0.997500 -0.062044 0.033835
vn 0.998104 -0.055539 -0.026530
vn -0.099269 -0.994966 -0.013745
vn -0.099269 -0.994966 -0.013745
vn 0.998104 -0.055539 -0.026530
vn 0.430557 -0.901199 -0.049611
vn 0.998104 -0.055539 -0.026530
vn 0.638304 -0.075017 -0.766120
vn 0.430557 -0.901199 -0.049611
vn -0.011506 -0.593108 0.805041
vn -0.000589 -0.614512 0.788907
vn -0.028915 -0.607411 0.793862
vn -0.028915 -0.607411 0.793862
vn -0.000589 -0.614512 0.788907
vn -0.005559 -0.622352 0.782718
vn 0.000396 -0.612772 0.790259
vn 0.000664 -0.616092 0.787674
vn -0.000589 -0.614512 0.788907
vn -0.000589 -0.614512 0.788907
vn 0.000664 -0.616092 0.787674
vn -0.005559 -0.622352 0.782718
vn 0.000396 -0.612772 0.790259
vn -0.011715 -0.619927 0.784572
vn 0.000664 -0.616092 0.787674
vn 0.000664 -0.616092 0.787674
vn -0.011715 -0.619927 0.784572
vn -0.006542 -0.618288 0.785924
vn -0.011715 -0.619927 0.784572
vn 0.011088 -0.613626 0.789519
vn -0.006542 -0.618288 0.785924
vn -0.006542 -0.618288 0.785924
vn 0.011088 -0.613626 0.789519
vn 0.029790 -0.602226 0.797769
vn 0.701807 -0.712367 0.000563
vn 0.746072 -0.665859 -0.002903
vn 0.724935 -0.688555 -0.019041
vn 0.746072 -0.665859 -0.002903
vn 0.718350 -0.695498 0.015991
vn 0.776518 -0.630094 0.001385
vn 0.004839 -0.619148 -0.785259
vn -0.010318 -0.608943 -0.793147
vn -0.068311 -0.624349 -0.778153
vn -0.068311 -0.624349 -0.778153
vn -0.010318 -0.608943 -0.793147
vn -0.080763 -0.631337 -0.771292
vn 0.004839 -0.619148 -0.785259
vn 0.006809 -0.568990 -0.822316
vn -0.010318 -0.608943 -0.793147
vn -0.010318 -0.608943 -0.793147
vn 0.006809 -0.568990 -0.822316
vn 0.000874 -0.556786 -0.830655
vn -0.006786 -0.568605 -0.822583
vn 0.001963 -0.561814 -0.827261
vn 0.006809 -0.568990 -0.822316
vn 0.006809 -0.568990 -0.822316
vn 0.001963 -0.561814 -0.827261
vn 0.000874 -0.556786 -0.830655
vn -0.040221 -0.585779 -0.809472
vn -0.024922 -0.574832 -0.817892
vn -0.006786 -0.568605 -0.822583
vn -0.006786 -0.568605 -0.822583
vn -0.024922 -0.574832 -0.817892
vn 0.001963 -0.561814 -0.827261
vn -0.709483 -0.704711 -0.003966
vn -0.761211 -0.647039 0.043571
vn -0.738403 -0.674002 0.021938
vn -0.745175 -0.660830 -0.089542
vn -0.711432 -0.700441 -0.056983
vn -0.787455 -0.601567 -0.134285
vn 0.470001 0.882656 -0.004111
vn 0.484729 0.874658 -0.003352
vn 0.630484 0.776202 -0.001176
vn 0.630484 0.776202 -0.001176
vn 0.484729 0.874658 -0.003352
vn 0.635649 0.771976 -0.001874
vn 0.470001 0.882656 -0.004111
vn 0.693018 0.720920 -0.000824
vn 0.484729 0.874658 -0.003352
vn 0.484729 0.874658 -0.003352
vn 0.693018 0.720920 -0.000824
vn 0.699712 0.714426 0.000000
vn -0.019553 0.861481 0.507414
vn -0.026806 0.849746 0.526511
vn -0.006167 0.746829 0.664988
vn -0.006167 0.746829 0.664988
vn -0.026806 0.849746 0.526511
vn -0.002200 0.736211 0.676749
vn 0.000231 0.932323 0.361626
vn 0.000281 0.928643 0.370976
vn -0.019553 0.861481 0.507414
vn -0.019553 0.861481 0.507414
vn 0.000281 0.928643 0.370976
vn -0.026806 0.849746 0.526511
vn 0.000231 0.932323 0.361626
vn 0.011553 0.864808 0.501970
vn 0.000281 0.928643 0.370976
vn 0.000281 0.928643 0.370976
vn 0.011553 0.864808 0.501970
vn 0.005739 0.861671 0.507434
vn 0.011553 0.864808 0.501970
vn -0.013715 0.823274 0.567479
vn 0.005739 0.861671 0.507434
vn 0.005739 0.861671 0.507434
vn -0.013715 0.823274 0.567479
vn -0.014458 0.820563 0.571373
vn -0.483412 0.875384 -0.003971
vn -0.490356 0.871507 -0.005209
vn -0.484854 0.874595 -0.000666
vn -0.484854 0.874595 -0.000666
vn -0.490356 0.871507 -0.005209
vn -0.484922 0.874557 -0.000658
vn -0.483412 0.875384 -0.003971
vn -0.620359 0.783543 -0.034865
vn -0.490356 0.871507 -0.005209
vn -0.490356 0.871507 -0.005209
vn -0.620359 0.783543 -0.034865
vn -0.626030 0.778964 -0.036075
vn 0.003771 0.870397 -0.492336
vn 0.003576 0.861656 -0.507479
vn -0.046546 0.719412 -0.693023
vn -0.046546 0.719412 -0.693023
vn 0.003576 0.861656 -0.507479
vn -0.050375 0.708443 -0.703968
vn 0.014244 0.815116 -0.579122
vn 0.013678 0.818226 -0.574733
vn 0.003771 0.870397 -0.492336
vn 0.003771 0.870397 -0.492336
vn 0.013678 0.818226 -0.574733
vn 0.003576 0.861656 -0.507479
vn 0.014244 0.815116 -0.579122
vn 0.004726 0.854493 -0.519441
vn 0.013678 0.818226 -0.574733
vn 0.013678 0.818226 -0.574733
vn 0.004726 0.854493 -0.519441
vn -0.032607 0.837954 -0.544766
vn 0.004726 0.854493 -0.519441
vn -0.082432 0.706922 -0.702471
vn -0.032607 0.837954 -0.544766
vn -0.032607 0.837954 -0.544766
vn -0.082432 0.706922 -0.702471
vn -0.080258 0.697545 -0.712032
vn 0.999989 -0.003844 -0.002854
vn 0.999272 -0.027651 0.026286
vn 0.845599 -0.340896 0.410795
vn 0.845599 -0.340896 0.410795
vn 0.999272 -0.027651 0.026286
vn 0.841158 -0.345290 0.416206
vn 0.034469 -0.799537 -0.599627
vn -0.008327 -0.799985 -0.599962
vn 0.034469 -0.799537 -0.599627
vn 0.034469 -0.799537 -0.599627
vn -0.008327 -0.799985 -0.599962
vn -0.008871 -0.799981 -0.599959
vn -0.000545 -0.800013 -0.599983
vn -0.000639 -0.800013 -0.599983
vn -0.008327 -0.799985 -0.599962
vn -0.008327 -0.799985 -0.599962
vn -0.000639 -0.800013 -0.599983
vn -0.008871 -0.799981 -0.599959
vn -0.000545 -0.800013 -0.599983
vn 0.036293 -0.799485 -0.599589
vn -0.000639 -0.800013 -0.599983
vn -0.000639 -0.800013 -0.599983
vn 0.036293 -0.799485 -0.599589
vn 0.036241 -0.799487 -0.599590
vn -1.000000 -0.000261 -0.000181
vn -0.994581 -0.066717 0.079739
vn -0.999997 -0.001925 0.001821
vn -0.999997 -0.001925 0.001821
vn -0.994581 -0.066717 0.079739
vn -0.994344 -0.068151 0.081464
vn 0.048335 -0.799079 -0.599279
vn 0.048335 -0.799079 -0.599280
vn 0.036293 -0.799485 -0.599589
vn 0.036293 -0.799485 -0.599589
vn 0.048335 -0.799079 -0.599280
vn 0.036241 -0.799487 -0.599590
vn -0.014612 -0.009591 -0.999847
vn -0.013421 -0.010871 -0.999851
vn 0.016804 -0.043322 -0.998920
vn 0.016804 -0.043322 -0.998920
vn -0.013421 -0.010871 -0.999851
vn 0.017058 -0.043595 -0.998904
vn -0.835920 -0.548847 0.002199
vn -0.835921 -0.548846 0.002015
vn -0.835271 -0.548327 0.040747
vn -0.835271 -0.548327 0.040747
vn -0.835921 -0.548846 0.002015
vn -0.835272 -0.548325 0.040748
vn 0.003750 0.002463 0.999990
vn 0.252479 -0.275308 0.927610
vn 0.021860 -0.017729 0.999604
vn 0.021860 -0.017729 0.999604
vn 0.252479 -0.275308 0.927610
vn 0.253966 -0.276972 0.926708
vn -0.835920 -0.548847 0.002199
vn -0.835312 -0.548298 -0.040301
vn -0.835921 -0.548846 0.002015
vn -0.835921 -0.548846 0.002015
vn -0.835312 -0.548298 -0.040301
vn -0.835313 -0.548295 -0.040301
vn -0.999825 0.010738 -0.015305
vn -0.999611 -0.000503 -0.027872
vn -0.956622 -0.180841 -0.228409
vn -0.956622 -0.180841 -0.228409
vn -0.999611 -0.000503 -0.027872
vn -0.955563 -0.183162 -0.230976
vn 0.024751 -0.573802 0.818620
vn 0.027651 -0.573759 0.818558
vn 0.148252 -0.567630 0.809826
vn 0.148252 -0.567630 0.809826
vn 0.027651 -0.573759 0.818558
vn 0.148252 -0.567629 0.809826
vn -0.017216 -0.573888 0.818753
vn -0.017289 -0.573888 0.818752
vn 0.024751 -0.573802 0.818620
vn 0.024751 -0.573802 0.818620
vn -0.017289 -0.573888 0.818752
vn 0.027651 -0.573759 0.818558
vn -0.017216 -0.573888 0.818753
vn -0.006035 -0.573973 0.818852
vn -0.017289 -0.573888 0.818752
vn -0.017289 -0.573888 0.818752
vn -0.006035 -0.573973 0.818852
vn -0.006028 -0.573973 0.818852
vn 0.999000 -0.025651 0.036624
vn 0.999069 -0.034687 0.025657
vn 0.999003 -0.025831 0.036405
vn 0.999003 -0.025831 0.036405
vn 0.999069 -0.034687 0.025657
vn 0.999068 -0.034980 0.025301
vn -0.006035 -0.573973 0.818852
vn -0.005439 -0.573969 0.818859
vn -0.006028 -0.573973 0.818852
vn -0.006028 -0.573973 0.818852
vn -0.005439 -0.573969 0.818859
vn -0.005439 -0.573969 0.818859
vn 0.008652 -0.006400 0.999942
vn 0.005006 -0.010300 0.999934
vn -0.129861 -0.154297 0.979453
vn -0.129861 -0.154297 0.979453
vn 0.005006 -0.010300 0.999934
vn -0.131841 -0.156406 0.978854
vn 0.757240 -0.652837 0.019781
vn 0.757313 -0.652719 0.020851
vn 0.801702 -0.597644 -0.009775
vn 0.801702 -0.597644 -0.009775
vn 0.757313 -0.652719 0.020851
vn 0.803911 -0.594667 -0.009881
vn 0.020553 0.026358 -0.999441
vn -0.147663 -0.182957 -0.971968
vn 0.010890 0.014336 -0.999838
vn 0.010890 0.014336 -0.999838
vn -0.147663 -0.182957 -0.971968
vn -0.151853 -0.188171 -0.970326
vn 0.757240 -0.652837 0.019781
vn 0.745277 -0.665170 0.045958
vn 0.757313 -0.652719 0.020851
vn 0.757313 -0.652719 0.020851
vn 0.745277 -0.665170 0.045958
vn 0.744911 -0.665583 0.045911
vn 0.741869 0.667531 0.063501
vn 0.750775 0.659913 0.029195
vn 0.741869 0.667531 0.063501
vn 0.769081 0.638950 -0.016048
vn 0.746546 0.665297 0.007010
vn 0.803779 0.592423 -0.054535
vn 0.013385 0.626584 -0.779239
vn 0.006272 0.622322 -0.782736
vn -0.010627 0.618438 -0.785762
vn -0.010627 0.618438 -0.785762
vn 0.006272 0.622322 -0.782736
vn -0.030087 0.607131 -0.794032
vn -0.000555 0.628951 -0.777444
vn -0.000586 0.627846 -0.778337
vn 0.013385 0.626584 -0.779239
vn 0.013385 0.626584 -0.779239
vn -0.000586 0.627846 -0.778337
vn 0.006272 0.622322 -0.782736
vn -0.000555 0.628951 -0.777444
vn -0.005684 0.617898 -0.786238
vn -0.000586 0.627846 -0.778337
vn -0.000586 0.627846 -0.778337
vn -0.005684 0.617898 -0.786238
vn 0.005644 0.625818 -0.779949
vn -0.007267 0.583939 -0.811765
vn 0.019497 0.604865 -0.796089
vn -0.005684 0.617898 -0.786238
vn -0.005684 0.617898 -0.786238
vn 0.019497 0.604865 -0.796089
vn 0.005644 0.625818 -0.779949
vn -0.708558 0.705649 0.002089
vn -0.747580 0.664171 0.001225
vn -0.731129 0.681931 -0.020489
vn -0.747580 0.664171 0.001225
vn -0.732126 0.680912 0.018716
vn -0.769968 0.638081 -0.001149
vn 0.032569 0.596903 0.801652
vn 0.005694 0.573659 0.819075
vn 0.010427 0.581685 0.813348
vn 0.010427 0.581685 0.813348
vn 0.005694 0.573659 0.819075
vn -0.003973 0.566530 0.824032
vn -0.007120 0.576685 0.816936
vn -0.000343 0.566721 0.823910
vn 0.005694 0.573659 0.819075
vn 0.005694 0.573659 0.819075
vn -0.000343 0.566721 0.823910
vn -0.003973 0.566530 0.824032
vn -0.000446 0.620420 0.784270
vn 0.009504 0.607779 0.794050
vn -0.007120 0.576685 0.816936
vn -0.007120 0.576685 0.816936
vn 0.009504 0.607779 0.794050
vn -0.000343 0.566721 0.823910
vn -0.000446 0.620420 0.784270
vn 0.085521 0.617100 0.782224
vn 0.009504 0.607779 0.794050
vn 0.009504 0.607779 0.794050
vn 0.085521 0.617100 0.782224
vn 0.082016 0.615126 0.784151
vn -0.633906 -0.078869 0.769378
vn -0.746770 -0.662532 0.058190
vn -0.996437 -0.079426 0.028370
vn -0.999643 -0.000591 0.026699
vn -0.998525 -0.018645 0.051001
vn -0.997675 -0.067024 0.012310
vn -0.997675 -0.067024 0.012310
vn -0.998525 -0.018645 0.051001
vn -0.996437 -0.079426 0.028370
vn 0.999137 0.041482 -0.002048
vn 0.999272 0.017434 -0.033949
vn 0.999392 0.023871 -0.025418
vn 0.999392 0.023871 -0.025418
vn 0.999272 0.017434 -0.033949
vn 0.998482 0.001486 -0.055055
vn 0.741869 0.667531 0.063501
vn 0.750775 0.659913 0.029195
vn 0.750614 0.660067 0.029852
vn -0.745175 -0.660830 -0.089542
vn -0.669696 -0.742377 -0.019605
vn -0.711432 -0.700441 -0.056983
vn 0.769081 0.638950 -0.016048
vn 0.710972 0.702026 0.040970
vn 0.746546 0.665297 0.007010
vn -0.738403 -0.674002 0.021938
vn -0.761211 -0.647039 0.043571
vn -0.792416 -0.605317 0.075287
vn -0.747580 0.664171 0.001225
vn -0.712273 0.701902 0.000000
vn -0.732126 0.680912 0.018716
vn -0.731129 0.681931 -0.020489
vn -0.747580 0.664171 0.001225
vn -0.769968 0.638081 -0.001149
vn 0.746072 -0.665859 -0.002903
vn 0.688460 -0.725199 -0.010468
vn 0.718350 -0.695498 0.015991
vn 0.724935 -0.688555 -0.019041
vn 0.746072 -0.665859 -0.002903
vn 0.776518 -0.630094 0.001385
s off
g cardboard_boxes cardboard_box_c
usemtl phongE1SG
f 199/465/1123 205/466/1124 200/600/1125
f 200/600/1126 205/466/1127 204/597/1128
f 198/602/1129 206/595/1130 199/465/1131
f 199/465/1132 206/595/1133 205/466/1134
f 198/602/1135 199/465/1136 201/601/1137
f 201/601/1138 199/465/1139 202/472/1140
f 199/465/1141 200/600/1142 202/472/1143
f 202/472/1144 200/600/1145 203/599/1146
f 192/475/1147 201/601/1148 197/474/1149
f 197/474/1150 201/601/1151 202/472/1152
f 194/606/1153 197/474/1154 203/599/1155
f 203/599/1156 197/474/1157 202/472/1158
f 196/605/1159 195/598/1160 205/466/1161
f 205/466/1162 195/598/1163 204/597/1164
f 206/595/1165 193/479/1166 205/466/1167
f 205/466/1168 193/479/1169 196/605/1170
f 211/727/1171 235/714/1172 210/480/1173
f 210/480/1174 235/714/1175 234/483/1176
f 210/480/1177 213/484/1178 211/727/1179
f 211/727/1180 213/484/1181 212/726/1182
f 212/726/1183 213/484/1184 230/715/1185
f 230/715/1186 213/484/1187 228/486/1188
f 214/725/1189 215/489/1190 236/720/1191
f 236/720/1192 215/489/1193 237/490/1194
f 215/489/1195 214/725/1196 216/493/1197
f 216/493/1198 214/725/1199 217/724/1200
f 217/724/1201 220/722/1202 216/493/1203
f 216/493/1204 220/722/1205 222/495/1206
f 219/497/1207 222/495/1208 218/723/1209
f 218/723/1210 222/495/1211 221/721/1212
f 219/497/1213 218/723/1214 228/486/1215
f 228/486/1216 218/723/1217 229/716/1218
f 225/718/1219 236/720/1220 223/500/1221
f 223/500/1222 236/720/1223 237/490/1224
f 224/719/1225 223/500/1226 226/717/1227
f 226/717/1228 223/500/1229 227/503/1230
f 226/717/1231 227/503/1232 232/712/1233
f 232/712/1234 227/503/1235 233/505/1236
f 231/713/1237 233/505/1238 235/714/1239
f 235/714/1240 233/505/1241 234/483/1242
f 207/508/1243 215/489/1244 208/509/1245
f 208/509/1246 215/489/1247 216/493/1248
f 210/480/1249 207/508/1250 213/484/1251
f 213/484/1252 207/508/1253 208/509/1254
f 209/510/1255 207/508/1256 234/483/1257
f 234/483/1258 207/508/1259 210/480/1260
f 237/490/1261 215/489/1262 209/510/1263
f 209/510/1264 215/489/1265 207/508/1266
f 209/510/1267 234/483/1268 227/503/1269
f 227/503/1270 234/483/1271 233/505/1272
f 223/500/1273 237/490/1274 227/503/1275
f 227/503/1276 237/490/1277 209/510/1278
f 216/493/1279 222/495/1280 208/509/1281
f 208/509/1282 222/495/1283 219/497/1284
f 213/484/1285 208/509/1286 228/486/1287
f 228/486/1288 208/509/1289 219/497/1290
f 220/722/1291 221/721/1292 222/495/1293
f 223/500/1294 224/719/1295 225/718/1296
f 228/486/1297 229/716/1298 230/715/1299
f 231/713/1300 232/712/1301 233/505/1302
f 239/511/1303 238/512/1304 217/492/1305
f 217/492/1306 238/512/1307 220/494/1308
f 240/513/1309 239/511/1310 214/488/1311
f 214/488/1312 239/511/1313 217/492/1314
f 236/491/1315 241/514/1316 214/488/1317
f 214/488/1318 241/514/1319 240/513/1320
f 225/753/1321 242/748/1322 236/491/1323
f 236/491/1324 242/748/1325 241/514/1326
f 224/502/1327 243/516/1328 225/501/1329
f 225/501/1330 243/516/1331 242/515/1332
f 224/502/1333 226/504/1334 243/516/1335
f 243/516/1336 226/504/1337 244/517/1338
f 232/506/1339 231/754/1340 245/519/1341
f 245/519/1342 231/754/1343 246/746/1344
f 231/507/1345 235/482/1346 246/518/1347
f 246/518/1348 235/482/1349 247/520/1350
f 247/520/1351 235/482/1352 248/521/1353
f 248/521/1354 235/482/1355 211/481/1356
f 249/522/1357 248/521/1358 212/485/1359
f 212/485/1360 248/521/1361 211/481/1362
f 249/522/1363 212/485/1364 250/744/1365
f 250/744/1366 212/485/1367 230/752/1368
f 229/499/1369 251/524/1370 230/487/1371
f 230/487/1372 251/524/1373 250/523/1374
f 229/499/1375 218/496/1376 251/524/1377
f 251/524/1378 218/496/1379 252/525/1380
f 218/496/1381 221/498/1382 252/525/1383
f 252/525/1384 221/498/1385 253/526/1386
f 221/498/1387 220/755/1388 253/526/1389
f 253/526/1390 220/755/1391 238/750/1392
f 194/612/1393 256/609/1394 197/603/1395
f 197/603/1396 256/609/1397 255/756/1398
f 257/641/1399 256/642/1400 203/473/1401
f 203/473/1402 256/642/1403 194/476/1404
f 203/473/1405 200/468/1406 257/641/1407
f 257/641/1408 200/468/1409 258/640/1410
f 204/467/1411 259/639/1412 200/468/1413
f 200/468/1414 259/639/1415 258/640/1416
f 204/467/1417 195/611/1418 259/639/1419
f 259/639/1420 195/611/1421 260/608/1422
f 260/637/1423 195/478/1424 261/636/1425
f 261/636/1426 195/478/1427 196/477/1428
f 193/596/1429 262/607/1430 196/477/1431
f 196/477/1432 262/607/1433 261/636/1434
f 263/633/1435 262/634/1436 206/470/1437
f 206/470/1438 262/634/1439 193/613/1440
f 263/633/1441 206/470/1442 264/632/1443
f 264/632/1444 206/470/1445 198/469/1446
f 265/630/1447 264/632/1448 201/471/1449
f 201/471/1450 264/632/1451 198/469/1452
f 192/604/1453 254/757/1454 201/471/1455
f 201/471/1456 254/757/1457 265/630/1458
f 239/511/1459 267/743/1460 238/512/1461
f 238/512/1462 267/743/1463 266/729/1464
f 240/513/1465 268/742/1466 239/511/1467
f 239/511/1468 268/742/1469 267/743/1470
f 240/513/1471 241/514/1472 268/742/1473
f 268/742/1474 241/514/1475 269/741/1476
f 241/514/1477 242/748/1478 269/741/1479
f 269/741/1480 242/748/1481 270/749/1482
f 242/515/1483 243/516/1484 270/739/1485
f 244/517/1486 271/738/1487 243/516/1488
f 243/516/1489 271/738/1490 270/739/1491
f 244/517/1492 245/519/1493 271/738/1494
f 271/738/1495 245/519/1496 272/747/1497
f 247/520/1498 273/735/1499 246/518/1500
f 246/518/1501 273/735/1502 272/736/1503
f 248/521/1504 274/734/1505 247/520/1506
f 247/520/1507 274/734/1508 273/735/1509
f 248/521/1510 249/522/1511 274/734/1512
f 274/734/1513 249/522/1514 275/733/1515
f 249/522/1516 250/744/1517 275/733/1518
f 275/733/1519 250/744/1520 276/745/1521
f 250/523/1522 251/524/1523 276/731/1524
f 252/525/1525 277/728/1526 251/524/1527
f 251/524/1528 277/728/1529 276/731/1530
f 252/525/1531 253/526/1532 277/728/1533
f 277/728/1534 253/526/1535 266/751/1536
f 253/526/1537 238/750/1538 266/751/1539
f 266/702/1540 267/539/1541 278/700/1542
f 278/700/1543 267/539/1544 279/711/1545
f 268/541/1546 280/710/1547 267/539/1548
f 267/539/1549 280/710/1550 279/711/1551
f 268/541/1552 269/542/1553 280/710/1554
f 280/710/1555 269/542/1556 281/709/1557
f 269/542/1558 270/740/1559 281/709/1560
f 281/709/1561 270/740/1562 282/694/1563
f 270/696/1564 271/544/1565 283/691/1566
f 271/544/1567 285/687/1568 284/708/1569
f 273/546/1570 287/707/1571 272/689/1572
f 272/689/1573 287/707/1574 286/684/1575
f 273/546/1576 274/547/1577 287/707/1578
f 287/707/1579 274/547/1580 288/706/1581
f 275/548/1582 289/705/1583 274/547/1584
f 274/547/1585 289/705/1586 288/706/1587
f 276/732/1588 290/678/1589 275/548/1590
f 275/548/1591 290/678/1592 289/705/1593
f 276/680/1594 277/550/1595 291/675/1596
f 277/550/1597 293/673/1598 292/704/1599
f 255/527/1600 295/629/1601 254/528/1602
f 254/528/1603 295/629/1604 294/615/1605
f 255/527/1606 256/643/1607 295/629/1608
f 295/629/1609 256/643/1610 296/628/1611
f 257/530/1612 297/626/1613 256/529/1614
f 256/529/1615 297/626/1616 296/627/1617
f 258/531/1618 298/625/1619 257/530/1620
f 257/530/1621 298/625/1622 297/626/1623
f 258/531/1624 259/532/1625 298/625/1626
f 298/625/1627 259/532/1628 299/624/1629
f 259/532/1630 260/638/1631 299/624/1632
f 299/624/1633 260/638/1634 300/623/1635
f 261/534/1636 301/621/1637 260/533/1638
f 260/533/1639 301/621/1640 300/622/1641
f 261/534/1642 262/635/1643 301/621/1644
f 301/621/1645 262/635/1646 302/620/1647
f 263/536/1648 303/618/1649 262/535/1650
f 262/535/1651 303/618/1652 302/619/1653
f 264/537/1654 304/617/1655 263/536/1656
f 263/536/1657 304/617/1658 303/618/1659
f 264/537/1660 265/538/1661 304/617/1662
f 304/617/1663 265/538/1664 305/614/1665
f 265/538/1666 254/631/1667 305/614/1668
f 305/614/1669 254/631/1670 294/616/1671
f 278/701/1672 306/667/1673 266/540/1674
f 266/540/1675 306/667/1676 300/573/1677
f 278/552/1678 279/551/1679 306/666/1680
f 306/666/1681 279/551/1682 307/699/1683
f 280/553/1684 308/698/1685 279/551/1686
f 279/551/1687 308/698/1688 307/699/1689
f 280/553/1690 281/554/1691 308/698/1692
f 308/698/1693 281/554/1694 309/693/1695
f 282/555/1696 270/697/1697 310/583/1698
f 310/583/1699 270/697/1700 296/656/1701
f 282/695/1702 310/661/1703 281/554/1704
f 281/554/1705 310/661/1706 309/693/1707
f 283/692/1708 311/660/1709 270/543/1710
f 270/543/1711 311/660/1712 296/569/1713
f 284/556/1714 312/686/1715 283/557/1716
f 283/557/1717 312/686/1718 311/659/1719
f 285/558/1720 272/690/1721 313/586/1722
f 313/586/1723 272/690/1724 294/649/1725
f 284/556/1726 285/688/1727 312/686/1728
f 312/686/1729 285/688/1730 313/654/1731
f 286/685/1732 314/653/1733 272/545/1734
f 272/545/1735 314/653/1736 294/568/1737
f 287/559/1738 315/683/1739 286/560/1740
f 286/560/1741 315/683/1742 314/652/1743
f 288/561/1744 316/682/1745 287/559/1746
f 287/559/1747 316/682/1748 315/683/1749
f 288/561/1750 289/562/1751 316/682/1752
f 316/682/1753 289/562/1754 317/677/1755
f 290/563/1756 276/681/1757 318/591/1758
f 318/591/1759 276/681/1760 302/646/1761
f 289/562/1762 290/679/1763 317/677/1764
f 317/677/1765 290/679/1766 318/647/1767
f 291/676/1768 319/671/1769 276/549/1770
f 276/549/1771 319/671/1772 302/645/1773
f 292/564/1774 320/672/1775 291/565/1776
f 291/565/1777 320/672/1778 319/670/1779
f 293/566/1780 266/703/1781 321/594/1782
f 321/594/1783 266/703/1784 300/663/1785
f 292/564/1786 293/674/1787 320/672/1788
f 320/672/1789 293/674/1790 321/668/1791
f 300/664/1792 301/574/1793 321/669/1794
f 301/574/1795 319/592/1796 320/593/1797
f 297/570/1798 309/582/1799 296/657/1800
f 296/657/1801 309/582/1802 310/662/1803
f 298/571/1804 308/581/1805 297/570/1806
f 297/570/1807 308/581/1808 309/582/1809
f 298/571/1810 299/572/1811 308/581/1812
f 308/581/1813 299/572/1814 307/580/1815
f 300/665/1816 306/579/1817 299/572/1818
f 299/572/1819 306/579/1820 307/580/1821
f 294/650/1822 295/567/1823 313/655/1824
f 295/567/1825 311/584/1826 312/585/1827
f 302/575/1828 303/576/1829 318/648/1830
f 318/648/1831 303/576/1832 317/590/1833
f 304/577/1834 316/589/1835 303/576/1836
f 303/576/1837 316/589/1838 317/590/1839
f 305/578/1840 315/588/1841 304/577/1842
f 304/577/1843 315/588/1844 316/589/1845
f 305/578/1846 294/651/1847 315/588/1848
f 315/588/1849 294/651/1850 314/587/1851
f 246/746/1852 272/747/1853 245/519/1854
f 226/504/1855 232/506/1856 244/517/1857
f 244/517/1858 232/506/1859 245/519/1860
f 254/610/1861 192/758/1862 255/756/1863
f 255/756/1864 192/758/1865 197/603/1866
f 321/669/1867 301/574/1868 320/593/1869
f 277/550/1870 266/730/1871 293/673/1872
f 301/574/1873 302/644/1874 319/592/1875
f 291/675/1876 277/550/1877 292/704/1878
f 295/567/1879 296/658/1880 311/584/1881
f 313/655/1882 295/567/1883 312/585/1884
f 271/544/1885 272/737/1886 285/687/1887
f 283/691/1888 271/544/1889 284/708/1890
